soil_type,soil_moisture,soil_ph,N,P,K,organic_carbon,texture,drainage,soil_health_index,previous_crop,acres,recommended_crop
Loam,23.8,7.3,26,47,20,1.05,Medium,Good,64,Onion,9.6,Groundnut
Loam,15.7,6.7,40,25,20,1.42,Coarse,Moderate,71,Banana,1.3,Green Gram
Clay,33.4,6.6,94,13,60,2.02,Fine,Good,78,Tur Dal,9.1,Sugarcane
Clay,20.5,7.8,25,24,51,1.0,Medium,Good,66,Onion,3.1,Tur Dal
Loam,33.8,5.8,80,27,63,1.0,Medium,Moderate,62,Paddy,7.6,Paddy
Loam,21.5,6.7,24,19,10,1.69,Coarse,Good,69,Banana,4.1,Groundnut
Sandy,24.3,6.4,42,32,62,1.91,Coarse,Good,80,Tomato,1.2,Groundnut
Silty,36.6,6.3,75,15,63,2.25,Medium,Moderate,79,Groundnut,7.4,Sugarcane
Silty,39.2,6.7,86,20,23,1.27,Fine,Moderate,62,Banana,2.6,Paddy
Loam,38.9,6.6,85,49,54,1.4,Fine,Good,76,Tur Dal,3.2,Sugarcane
Silty,18.7,7.3,45,11,58,0.79,Medium,Good,59,Green Gram,3.0,Green Gram
Loam,25.8,7.0,39,16,27,1.11,Medium,Good,68,Onion,8.5,Tur Dal
Loam,34.1,7.5,86,14,56,2.18,Fine,Good,80,Paddy,4.5,Banana
Silty,23.9,7.0,32,39,63,2.13,Medium,Good,77,Tomato,4.8,Groundnut
Loam,32.8,7.3,89,37,31,1.13,Medium,Good,72,Tur Dal,5.8,Sugarcane
Loam,25.0,5.8,82,59,54,1.2,Medium,Moderate,78,Tur Dal,2.7,Maize
Chalky,15.5,7.2,49,41,28,1.16,Medium,Moderate,62,Onion,9.8,Tur Dal
Sandy,24.6,6.6,22,32,45,0.95,Coarse,Moderate,65,Banana,9.3,Green Gram
Silty,30.9,7.5,81,50,21,2.39,Fine,Moderate,82,Onion,8.5,Banana
Loam,34.4,6.4,87,11,21,0.96,Medium,Moderate,62,Groundnut,6.1,Paddy
Silty,34.5,6.7,59,47,28,2.33,Coarse,Moderate,82,Sugarcane,1.7,Maize
Clay,34.8,6.7,66,40,32,2.39,Fine,Moderate,82,Coconut,6.7,Banana
Loam,34.4,6.5,57,32,59,2.15,Coarse,Good,86,Groundnut,2.4,Coconut
Silty,28.3,7.4,75,24,42,1.83,Medium,Moderate,82,Maize,6.8,Banana
Clay,29.3,6.8,90,51,46,2.0,Fine,Moderate,81,Onion,3.8,Banana
Silty,26.4,6.3,90,17,61,0.54,Coarse,Good,54,Groundnut,4.9,Maize
Loam,27.1,6.7,82,27,13,1.18,Medium,Good,62,Coconut,8.5,Tomato
Loam,30.7,7.1,74,41,62,2.48,Fine,Good,93,Onion,1.2,Banana
Clay,31.7,7.3,86,31,65,0.73,Fine,Moderate,61,Coconut,2.6,Sugarcane
Clay,38.7,6.3,75,47,10,1.55,Medium,Moderate,68,Sugarcane,9.2,Sugarcane
Silty,32.3,6.6,88,12,25,0.98,Medium,Good,61,Groundnut,9.6,Banana
Loam,34.0,6.6,52,43,37,0.71,Medium,Good,60,Groundnut,9.5,Coconut
Loam,34.4,5.9,49,20,32,2.13,Coarse,Good,82,Green Gram,1.2,Coconut
Silty,29.4,5.8,46,54,16,1.02,Medium,Good,64,Maize,1.0,Coconut
Silty,28.0,6.9,24,22,49,2.07,Coarse,Moderate,77,Paddy,3.4,Groundnut
Sandy,21.0,6.7,29,57,30,1.37,Coarse,Good,69,Green Gram,1.3,Groundnut
Loam,26.8,6.8,77,60,19,1.8,Medium,Moderate,72,Tomato,4.6,Onion
Sandy,33.3,7.0,74,41,73,1.23,Coarse,Moderate,77,Tomato,8.1,Maize
Sandy,30.1,6.6,54,27,46,1.79,Medium,Moderate,75,Groundnut,2.7,Onion
Sandy,29.6,6.4,75,56,34,1.54,Fine,Good,75,Tur Dal,3.5,Onion
Loam,22.3,7.0,53,38,64,1.47,Medium,Good,74,Tomato,2.5,Maize
Silty,21.7,7.2,82,20,51,2.21,Medium,Moderate,81,Green Gram,7.3,Maize
Chalky,28.8,7.9,25,28,27,0.87,Medium,Good,63,Groundnut,1.0,Tur Dal
Sandy,29.4,6.9,30,56,12,2.1,Coarse,Good,72,Onion,9.2,Groundnut
Clay,38.1,5.7,62,49,19,1.41,Fine,Moderate,72,Groundnut,2.3,Paddy
Silty,31.4,7.4,50,12,70,1.97,Fine,Good,76,Sugarcane,5.5,Onion
Clay,36.2,6.0,95,28,36,1.36,Fine,Moderate,72,Onion,4.9,Paddy
Sandy,29.0,5.6,50,54,70,0.73,Medium,Good,62,Coconut,2.0,Coconut
Sandy,23.8,6.3,35,22,21,2.4,Medium,Good,87,Green Gram,0.5,Groundnut
Silty,25.5,6.4,65,21,67,1.73,Coarse,Good,73,Green Gram,7.3,Tomato
Sandy,21.6,7.4,34,60,65,0.69,Coarse,Moderate,59,Onion,5.3,Groundnut
Sandy,27.9,6.9,93,51,67,0.68,Medium,Good,69,Tur Dal,7.9,Tomato
Loam,38.2,6.2,76,59,10,0.99,Medium,Good,62,Onion,3.2,Sugarcane
Silty,35.0,6.5,85,15,50,1.0,Fine,Moderate,58,Sugarcane,8.7,Paddy
Silty,24.4,6.5,52,26,80,1.27,Medium,Good,71,Onion,9.1,Onion
Silty,24.1,7.2,25,15,28,1.44,Coarse,Good,70,Maize,1.1,Green Gram
Sandy,30.3,6.1,60,18,44,2.25,Coarse,Good,77,Green Gram,9.9,Coconut
Loam,28.9,6.8,27,41,60,2.4,Medium,Good,86,Maize,4.8,Groundnut
Silty,28.5,7.0,72,38,79,2.45,Medium,Moderate,92,Maize,9.2,Onion
Loam,36.3,6.2,65,36,52,1.14,Medium,Moderate,67,Tur Dal,3.6,Paddy
Silty,31.4,6.3,82,15,66,1.12,Coarse,Good,63,Tur Dal,3.4,Tomato
Clay,19.5,7.0,22,27,63,1.1,Medium,Good,66,Onion,2.9,Tur Dal
Loam,35.7,6.7,87,14,26,1.99,Fine,Moderate,73,Groundnut,8.6,Sugarcane
Silty,17.3,6.6,30,50,17,0.51,Medium,Moderate,52,Tur Dal,6.0,Green Gram
Sandy,26.5,6.2,66,20,65,0.98,Medium,Good,68,Green Gram,6.4,Coconut
Sandy,29.6,7.0,70,50,61,2.2,Coarse,Good,85,Tur Dal,3.8,Tomato
Clay,32.7,5.7,86,40,67,2.06,Fine,Poor,86,Maize,4.8,Paddy
Silty,35.5,5.9,98,23,43,1.51,Fine,Moderate,70,Paddy,1.4,Paddy
Loam,28.1,7.2,50,43,23,1.87,Fine,Good,74,Tomato,2.9,Onion
Loam,19.7,7.0,24,22,35,2.17,Medium,Moderate,77,Banana,1.0,Tur Dal
Silty,39.8,6.2,62,16,66,0.7,Fine,Moderate,62,Paddy,7.4,Paddy
Clay,31.2,6.9,86,16,60,0.52,Fine,Good,59,Onion,1.9,Banana
Silty,21.7,6.4,68,12,38,1.29,Coarse,Good,66,Paddy,2.4,Maize
Silty,35.7,6.5,79,20,23,1.41,Medium,Good,72,Paddy,5.2,Sugarcane
Silty,30.6,6.0,63,13,75,0.66,Medium,Poor,53,Groundnut,1.1,Paddy
Silty,37.4,7.1,69,46,10,1.12,Medium,Moderate,62,Green Gram,8.5,Banana
Clay,29.7,6.9,68,25,37,0.84,Medium,Good,67,Maize,1.5,Banana
Loam,31.2,6.3,89,44,10,1.72,Coarse,Good,70,Green Gram,6.1,Tomato
Loam,35.9,6.6,76,13,53,1.36,Fine,Good,68,Paddy,4.6,Banana
Sandy,26.8,6.3,50,40,62,1.7,Medium,Good,79,Tur Dal,8.1,Coconut
Sandy,31.2,6.4,74,19,20,0.72,Medium,Good,53,Groundnut,9.3,Tomato
Clay,28.8,8.0,47,25,28,1.92,Medium,Moderate,81,Sugarcane,5.1,Tur Dal
Silty,27.1,6.2,63,40,46,1.35,Medium,Good,77,Tomato,5.5,Tomato
Loam,27.8,7.2,52,31,12,0.64,Coarse,Good,51,Sugarcane,7.4,Coconut
Silty,31.1,6.2,67,55,14,1.04,Coarse,Good,57,Green Gram,4.0,Tomato
Loam,20.3,7.2,83,47,53,1.81,Fine,Moderate,85,Banana,6.1,Onion
Loam,39.2,7.0,94,47,13,0.67,Fine,Moderate,55,Banana,2.2,Paddy
Sandy,18.0,7.3,39,59,23,0.74,Coarse,Good,55,Banana,6.3,Green Gram
Clay,39.3,6.4,84,14,41,0.7,Medium,Poor,60,Groundnut,8.2,Paddy
Silty,28.2,7.1,82,43,78,1.93,Medium,Good,88,Maize,7.7,Banana
Loam,29.2,5.7,45,25,12,1.07,Medium,Good,62,Groundnut,9.9,Coconut
Silty,37.2,7.4,98,55,17,1.56,Medium,Moderate,69,Onion,5.8,Sugarcane
Loam,34.5,5.5,78,54,41,1.11,Fine,Moderate,70,Banana,5.8,Paddy
Silty,25.2,6.1,79,24,37,2.21,Medium,Good,78,Tomato,9.2,Tomato
Loam,32.0,5.8,41,57,60,1.49,Coarse,Good,73,Coconut,9.7,Coconut
Silty,34.6,7.3,84,19,50,2.48,Fine,Moderate,85,Paddy,9.7,Banana
Silty,33.7,7.1,71,55,58,0.62,Medium,Moderate,69,Tur Dal,8.4,Banana
Silty,37.7,6.9,72,17,47,0.68,Fine,Moderate,54,Groundnut,9.4,Banana
Clay,27.1,6.8,44,34,76,1.34,Medium,Moderate,71,Banana,5.9,Tur Dal
Silty,25.6,7.1,62,16,47,1.25,Coarse,Good,67,Maize,2.6,Coconut
Loam,20.4,6.4,40,28,64,0.69,Medium,Moderate,65,Coconut,3.1,Groundnut
Silty,26.2,6.5,23,23,42,1.45,Medium,Good,70,Banana,7.6,Green Gram
Silty,17.6,6.9,20,11,10,1.75,Coarse,Good,68,Onion,3.5,Green Gram
Sandy,21.5,6.0,49,53,59,1.35,Medium,Good,77,Maize,9.0,Groundnut
Loam,32.5,7.0,44,36,74,0.7,Coarse,Good,64,Tur Dal,0.7,Coconut
Clay,25.6,6.5,46,50,25,1.86,Fine,Good,74,Banana,6.1,Tur Dal
Sandy,21.4,6.5,53,42,63,1.41,Coarse,Moderate,69,Banana,6.9,Maize
Loam,26.8,7.6,27,17,40,1.5,Fine,Good,71,Coconut,8.9,Tur Dal
Silty,22.5,7.1,64,27,74,1.86,Fine,Moderate,77,Maize,4.0,Onion
Loam,33.3,7.1,58,50,59,2.45,Medium,Good,87,Onion,5.4,Coconut
Clay,36.1,6.0,100,53,27,1.76,Fine,Moderate,79,Paddy,3.4,Paddy
Silty,28.8,7.2,65,19,23,0.85,Fine,Good,65,Banana,4.4,Onion
Loam,35.8,6.6,62,15,39,2.23,Fine,Moderate,79,Banana,6.5,Paddy
Silty,21.4,7.4,44,26,39,1.41,Medium,Good,77,Tomato,4.9,Green Gram
Clay,23.8,6.7,47,53,48,2.34,Fine,Moderate,87,Tur Dal,3.5,Tur Dal
Silty,32.0,7.5,81,44,64,2.42,Fine,Moderate,94,Paddy,0.5,Sugarcane
Silty,23.8,6.6,66,11,76,2.23,Fine,Good,80,Green Gram,6.8,Onion
Silty,26.1,6.7,55,19,56,0.78,Coarse,Good,57,Paddy,5.9,Coconut
Sandy,25.9,6.6,63,51,29,1.9,Medium,Good,81,Tur Dal,5.1,Tomato
Loam,26.9,6.6,84,49,71,0.88,Coarse,Good,69,Coconut,3.3,Maize
Silty,29.6,7.5,70,38,18,1.44,Coarse,Moderate,69,Tomato,6.1,Maize
Loam,17.8,7.3,26,58,63,0.59,Coarse,Good,57,Groundnut,1.7,Green Gram
Loam,27.5,7.2,72,57,15,1.37,Medium,Good,66,Maize,8.7,Maize
Clay,30.3,6.7,92,50,44,1.69,Medium,Good,73,Paddy,6.7,Sugarcane
Loam,30.3,6.6,82,33,62,2.03,Coarse,Good,83,Onion,6.3,Tomato
Loam,33.4,7.4,86,48,58,1.54,Fine,Good,76,Paddy,1.1,Banana
Loam,15.2,6.4,49,42,46,1.76,Medium,Good,78,Sugarcane,4.5,Tur Dal
Loam,27.8,6.7,53,41,56,1.17,Coarse,Good,66,Paddy,7.0,Coconut
Silty,28.8,7.2,95,46,17,0.67,Fine,Good,54,Banana,8.2,Banana
Sandy,21.8,7.3,25,15,54,0.94,Coarse,Moderate,58,Onion,3.6,Green Gram
Clay,39.8,7.0,76,22,70,1.89,Fine,Good,83,Groundnut,7.1,Sugarcane
Loam,17.8,6.4,46,58,76,2.23,Fine,Good,88,Coconut,8.0,Tur Dal
Loam,27.0,6.7,66,34,49,2.37,Medium,Good,85,Paddy,7.6,Tomato
Silty,20.9,6.8,39,49,17,1.59,Medium,Moderate,74,Groundnut,5.0,Groundnut
Loam,21.5,5.6,88,57,15,1.3,Medium,Moderate,63,Green Gram,7.7,Maize
Loam,36.4,6.7,69,56,76,2.43,Medium,Poor,90,Coconut,7.9,Paddy
Sandy,20.1,6.4,22,48,55,2.44,Coarse,Good,84,Banana,8.8,Groundnut
Chalky,30.0,7.9,23,27,78,2.13,Medium,Moderate,83,Paddy,7.8,Tur Dal
Loam,31.0,6.6,85,23,16,2.5,Medium,Moderate,82,Tomato,3.9,Sugarcane
Loam,26.8,7.3,31,45,74,0.65,Coarse,Moderate,57,Banana,6.2,Groundnut
Silty,26.5,6.3,90,19,22,2.14,Coarse,Good,84,Tur Dal,2.4,Tomato
Silty,39.7,6.9,93,26,74,1.74,Fine,Moderate,75,Sugarcane,6.9,Sugarcane
Sandy,20.0,6.6,44,18,14,2.17,Medium,Good,73,Tur Dal,9.9,Groundnut
Silty,32.7,6.3,46,46,73,0.69,Coarse,Good,57,Tomato,5.7,Coconut
Loam,39.4,6.2,64,14,16,0.8,Medium,Moderate,61,Tomato,1.3,Paddy
Silty,33.8,7.2,53,45,51,2.5,Medium,Moderate,90,Sugarcane,3.5,Maize
Sandy,27.6,6.1,78,33,46,0.65,Medium,Moderate,66,Maize,6.3,Maize
Sandy,28.1,6.8,29,33,28,0.57,Coarse,Good,54,Banana,6.7,Groundnut
Silty,15.1,7.4,40,24,42,1.72,Medium,Good,80,Tomato,4.5,Green Gram
Loam,21.4,6.6,44,12,36,1.36,Coarse,Good,64,Groundnut,3.5,Groundnut
Loam,19.9,6.5,34,12,65,0.7,Coarse,Moderate,59,Coconut,3.5,Groundnut
Silty,27.4,6.1,42,31,68,0.78,Coarse,Good,57,Banana,4.6,Coconut
Clay,27.1,6.7,30,29,51,1.71,Fine,Moderate,76,Banana,3.5,Tur Dal
Loam,37.7,6.2,100,13,51,0.86,Medium,Moderate,61,Tomato,4.2,Sugarcane
Silty,31.9,7.4,89,43,69,0.86,Medium,Moderate,71,Coconut,7.1,Banana
Silty,30.3,7.1,65,49,25,1.12,Fine,Good,67,Green Gram,6.4,Banana
Sandy,28.2,6.3,63,17,64,2.42,Medium,Good,82,Maize,3.6,Coconut
Loam,27.9,7.2,60,11,24,0.86,Medium,Good,57,Tur Dal,3.9,Coconut
Loam,37.4,7.2,95,14,44,2.49,Fine,Good,86,Green Gram,7.3,Banana
Silty,22.9,7.3,24,56,19,1.95,Medium,Moderate,80,Coconut,6.5,Green Gram
Clay,39.2,7.0,90,39,35,1.02,Fine,Moderate,70,Paddy,4.3,Sugarcane
Silty,20.6,6.8,60,42,24,0.64,Medium,Moderate,55,Banana,6.1,Onion
Sandy,28.2,6.3,77,38,56,2.0,Coarse,Good,85,Banana,4.4,Tomato
Clay,25.5,7.5,30,24,19,2.39,Fine,Good,79,Groundnut,1.5,Tur Dal
Clay,35.1,6.8,83,52,42,1.21,Fine,Good,72,Coconut,0.7,Sugarcane
Loam,29.4,7.0,71,23,14,0.98,Fine,Moderate,62,Banana,7.5,Banana
Silty,31.0,6.4,71,45,67,1.27,Coarse,Good,73,Sugarcane,6.2,Tomato
Silty,27.5,7.1,46,54,74,1.72,Medium,Good,74,Groundnut,6.5,Coconut
Silty,31.5,5.8,68,25,12,2.29,Coarse,Good,76,Paddy,5.0,Coconut
Loam,35.1,6.5,80,45,26,0.88,Medium,Moderate,63,Sugarcane,6.9,Paddy
Loam,19.6,6.4,42,36,27,1.65,Medium,Good,73,Banana,6.5,Tur Dal
Silty,24.2,7.5,89,16,60,1.25,Medium,Moderate,71,Coconut,9.4,Maize
Loam,32.1,6.2,89,18,41,1.99,Fine,Moderate,78,Groundnut,4.6,Paddy
Silty,32.0,6.6,95,57,56,2.36,Medium,Good,87,Tomato,3.6,Tomato
Sandy,31.2,7.2,79,10,79,2.45,Fine,Good,80,Tomato,5.0,Onion
Sandy,26.1,7.3,31,32,23,0.65,Coarse,Good,57,Coconut,1.2,Groundnut
Silty,36.4,6.5,89,35,20,1.54,Fine,Moderate,67,Sugarcane,2.1,Banana
Silty,32.3,6.4,78,12,48,1.95,Coarse,Good,76,Paddy,6.5,Tomato
Loam,23.7,6.2,67,12,63,1.73,Medium,Moderate,76,Paddy,2.8,Maize
Silty,27.8,5.8,85,37,74,2.32,Medium,Moderate,85,Maize,5.4,Maize
Silty,33.1,6.1,89,54,69,0.69,Medium,Good,68,Banana,5.0,Tomato
Silty,26.6,7.1,20,41,31,0.65,Medium,Moderate,56,Green Gram,3.6,Green Gram
Silty,29.6,7.1,92,17,74,1.1,Fine,Good,69,Tur Dal,4.5,Banana
Sandy,29.3,6.4,60,56,77,0.77,Medium,Good,68,Paddy,6.2,Coconut
Loam,39.4,6.7,77,53,55,0.88,Fine,Good,72,Tomato,8.2,Sugarcane
Loam,20.8,6.6,35,35,62,0.57,Medium,Good,58,Maize,8.0,Green Gram
Loam,30.4,6.5,92,41,24,2.19,Medium,Good,85,Maize,3.8,Sugarcane
Loam,22.5,6.9,45,43,15,0.96,Fine,Moderate,64,Groundnut,5.0,Tur Dal
Loam,18.5,6.4,20,12,44,2.0,Coarse,Good,79,Sugarcane,6.7,Groundnut
Sandy,20.7,7.2,59,45,63,1.09,Medium,Good,67,Green Gram,4.1,Maize
Sandy,23.6,6.7,31,56,21,1.25,Coarse,Moderate,64,Maize,4.3,Green Gram
Clay,23.2,6.2,23,44,15,2.02,Fine,Good,75,Green Gram,9.9,Tur Dal
Loam,26.4,7.3,40,34,28,1.21,Coarse,Good,65,Sugarcane,7.0,Coconut
Loam,29.4,6.9,37,20,43,2.0,Fine,Good,81,Tomato,0.8,Tur Dal
Clay,39.0,7.0,83,44,20,2.07,Medium,Good,80,Maize,5.6,Sugarcane
Clay,37.3,7.5,98,49,74,2.41,Medium,Moderate,93,Onion,6.5,Sugarcane
Sandy,23.9,6.5,81,56,70,2.02,Coarse,Moderate,87,Green Gram,4.0,Maize
Sandy,34.5,7.1,62,39,46,2.06,Coarse,Good,84,Sugarcane,9.7,Maize
Silty,20.9,7.4,85,36,55,2.25,Coarse,Moderate,92,Sugarcane,8.7,Maize
Silty,36.5,6.5,85,28,21,1.83,Fine,Moderate,71,Green Gram,2.0,Sugarcane
Sandy,25.7,6.7,68,16,24,2.21,Coarse,Good,82,Coconut,7.3,Maize
Loam,18.4,7.2,40,19,76,2.03,Coarse,Good,83,Groundnut,4.3,Green Gram
Silty,23.3,7.4,43,23,67,1.71,Coarse,Good,75,Banana,2.1,Green Gram
Sandy,21.3,5.8,78,15,38,2.13,Medium,Good,83,Paddy,4.4,Maize
Silty,27.5,6.2,48,58,63,2.34,Coarse,Moderate,82,Tomato,1.6,Groundnut
Sandy,20.5,7.4,38,19,61,1.73,Coarse,Good,74,Groundnut,7.7,Groundnut
Chalky,17.5,6.3,44,24,75,0.51,Medium,Moderate,61,Paddy,2.8,Tur Dal
Silty,26.7,6.1,78,41,20,0.75,Medium,Good,54,Tomato,2.9,Tomato
Clay,15.7,6.9,28,46,17,0.8,Medium,Good,60,Maize,1.3,Tur Dal
Loam,37.1,6.6,78,12,26,1.5,Fine,Good,73,Tomato,7.6,Sugarcane
Silty,34.5,6.4,80,39,52,0.53,Medium,Moderate,65,Paddy,6.3,Sugarcane
Loam,31.5,6.1,91,15,27,1.78,Coarse,Good,73,Banana,9.0,Tomato
Silty,30.0,6.6,78,51,51,0.72,Coarse,Good,66,Maize,0.9,Tomato
Sandy,18.3,6.1,44,53,12,1.6,Coarse,Moderate,65,Sugarcane,7.1,Groundnut
Silty,37.0,5.7,70,12,51,2.09,Medium,Poor,75,Onion,4.6,Paddy
Clay,36.6,6.3,86,43,56,1.75,Fine,Poor,82,Banana,7.7,Paddy
Silty,24.8,7.5,72,58,57,1.53,Coarse,Moderate,75,Green Gram,4.9,Maize
Loam,15.6,6.2,41,50,28,2.17,Fine,Moderate,79,Maize,1.3,Tur Dal
Silty,20.7,7.3,24,39,67,1.22,Coarse,Moderate,63,Coconut,1.5,Green Gram
Clay,22.8,7.6,43,33,26,2.0,Fine,Moderate,82,Maize,7.8,Tur Dal
Sandy,28.4,7.1,64,55,68,1.81,Medium,Good,85,Maize,9.2,Coconut
Loam,27.4,7.4,44,45,59,2.4,Coarse,Good,91,Tomato,8.7,Groundnut
Silty,26.2,7.0,28,50,38,1.85,Medium,Moderate,73,Onion,4.4,Green Gram
Sandy,24.8,7.1,77,33,11,1.07,Fine,Moderate,59,Banana,8.8,Onion
Sandy,30.4,6.3,69,58,78,1.45,Coarse,Moderate,81,Tomato,8.6,Maize
Chalky,18.3,7.1,20,18,53,1.93,Fine,Moderate,79,Onion,1.1,Tur Dal
Loam,24.6,7.0,83,37,44,1.9,Medium,Moderate,83,Groundnut,8.0,Onion
Clay,32.0,6.5,72,40,65,2.12,Fine,Moderate,88,Onion,8.5,Sugarcane
Silty,24.1,7.2,29,22,36,1.75,Coarse,Good,72,Onion,9.3,Green Gram
Silty,32.7,6.7,71,42,57,1.48,Fine,Good,82,Sugarcane,9.7,Banana
Loam,16.7,6.5,36,48,22,0.85,Coarse,Good,64,Groundnut,0.9,Green Gram
Sandy,25.3,5.8,42,27,71,0.9,Coarse,Good,60,Coconut,6.7,Coconut
Silty,39.0,6.3,83,18,15,1.12,Fine,Moderate,67,Paddy,9.0,Paddy
Sandy,32.2,6.9,65,18,47,0.62,Medium,Good,61,Paddy,0.5,Tomato
Silty,25.1,7.4,56,29,38,1.09,Medium,Good,66,Maize,2.1,Coconut
Loam,28.6,6.7,86,49,44,1.56,Coarse,Good,79,Tomato,1.2,Tomato
Sandy,34.8,6.8,82,11,58,1.22,Coarse,Good,60,Paddy,5.1,Tomato
Sandy,29.4,6.5,57,48,44,0.91,Medium,Good,62,Groundnut,2.6,Coconut
Silty,31.3,6.5,75,19,68,0.72,Fine,Moderate,57,Banana,2.7,Onion
Silty,27.1,6.2,68,33,63,0.81,Medium,Good,70,Tur Dal,1.8,Tomato
Chalky,25.8,6.6,50,23,76,1.71,Medium,Good,72,Sugarcane,3.3,Tur Dal
Silty,34.3,6.6,80,34,34,1.01,Medium,Poor,68,Paddy,5.4,Paddy
Silty,27.1,5.6,62,59,16,2.23,Coarse,Good,78,Maize,8.1,Maize
Sandy,21.2,6.9,38,57,34,1.5,Coarse,Good,69,Green Gram,8.8,Green Gram
Loam,27.4,7.2,41,54,28,1.25,Coarse,Good,63,Sugarcane,4.0,Coconut
Silty,39.4,6.5,91,46,46,1.44,Fine,Poor,75,Tur Dal,9.7,Paddy
Loam,30.8,5.6,73,49,46,2.0,Medium,Good,86,Green Gram,5.6,Maize
Silty,23.7,6.2,43,12,73,1.52,Coarse,Good,70,Sugarcane,5.0,Groundnut
Sandy,23.2,7.0,51,46,59,1.14,Fine,Moderate,65,Banana,1.5,Onion
Clay,32.7,5.7,78,17,13,2.45,Medium,Moderate,83,Green Gram,7.2,Paddy
Loam,25.9,6.5,32,41,62,1.87,Coarse,Moderate,72,Tomato,5.3,Groundnut
Silty,20.5,7.1,58,50,16,2.31,Medium,Good,84,Maize,4.8,Onion
Silty,36.4,6.7,76,24,33,0.57,Fine,Moderate,56,Banana,4.6,Sugarcane
Loam,38.9,6.3,96,17,80,1.2,Medium,Moderate,69,Sugarcane,5.1,Sugarcane
Loam,18.0,7.3,45,31,25,0.59,Medium,Moderate,57,Tur Dal,9.3,Tur Dal
Sandy,31.0,7.0,49,50,14,0.98,Coarse,Good,56,Groundnut,5.9,Coconut
Sandy,30.8,6.3,50,12,64,1.19,Medium,Moderate,59,Paddy,9.4,Maize
Sandy,19.4,6.1,41,12,80,1.93,Medium,Moderate,71,Tomato,9.8,Groundnut
Loam,20.2,6.7,50,15,46,1.33,Medium,Good,70,Banana,7.1,Onion
Silty,35.5,6.4,60,24,18,2.31,Fine,Poor,85,Maize,5.4,Paddy
Sandy,30.3,5.5,51,15,80,1.03,Medium,Good,59,Groundnut,3.3,Coconut
Loam,33.7,6.0,88,25,74,2.14,Fine,Moderate,83,Paddy,4.5,Sugarcane
Silty,28.4,6.4,51,53,24,2.46,Coarse,Good,86,Paddy,6.2,Maize
Sandy,22.5,6.1,64,15,42,0.89,Coarse,Good,65,Tomato,1.7,Maize
Loam,24.1,6.5,25,55,62,0.71,Coarse,Good,59,Green Gram,1.6,Green Gram
Sandy,20.6,7.2,23,29,10,1.36,Coarse,Moderate,67,Paddy,1.0,Groundnut
Silty,34.2,6.3,57,44,78,2.14,Medium,Good,84,Groundnut,7.3,Coconut
Clay,29.1,6.8,88,32,11,0.7,Fine,Moderate,55,Maize,5.5,Banana
Loam,31.7,6.2,54,15,33,1.96,Medium,Good,81,Sugarcane,7.8,Coconut
Silty,29.7,6.6,27,40,23,1.79,Medium,Moderate,73,Maize,1.4,Groundnut
Sandy,25.1,6.3,43,56,41,2.13,Coarse,Good,78,Tur Dal,4.7,Groundnut
Loam,36.7,5.8,68,60,70,2.11,Medium,Poor,84,Maize,6.8,Paddy
Loam,19.0,6.8,45,30,56,0.71,Medium,Good,57,Tomato,4.7,Tur Dal
Loam,20.6,7.3,80,38,10,2.31,Medium,Good,74,Green Gram,8.4,Maize
Loam,31.5,5.9,43,33,52,0.56,Coarse,Good,57,Coconut,1.5,Coconut
Loam,30.3,6.0,68,30,63,0.85,Fine,Moderate,61,Coconut,8.8,Paddy
Silty,28.9,6.1,35,32,19,2.4,Coarse,Good,84,Groundnut,9.3,Groundnut
Loam,30.5,6.0,90,41,80,2.5,Medium,Good,89,Sugarcane,5.1,Sugarcane
Loam,23.6,6.2,41,24,76,2.46,Medium,Moderate,91,Maize,8.8,Tur Dal
Silty,27.6,7.3,37,53,23,1.46,Coarse,Moderate,68,Tomato,6.6,Green Gram
Loam,30.8,7.0,66,52,19,1.78,Fine,Moderate,78,Tomato,7.8,Onion
Loam,29.1,6.3,68,46,80,2.21,Medium,Good,85,Coconut,5.1,Onion
Silty,33.6,6.9,42,23,11,1.84,Medium,Good,72,Sugarcane,2.3,Coconut
Silty,30.9,7.2,60,12,50,1.65,Medium,Good,70,Onion,2.3,Onion
Silty,32.1,7.3,79,57,78,1.63,Fine,Moderate,80,Sugarcane,7.1,Sugarcane
Sandy,34.3,6.1,86,51,56,1.89,Medium,Good,80,Maize,4.9,Maize
Loam,29.6,6.7,93,29,15,1.87,Medium,Good,75,Maize,3.7,Tomato
Clay,32.0,6.4,77,31,80,0.99,Medium,Moderate,64,Tur Dal,8.5,Sugarcane
Loam,23.8,6.8,50,60,27,1.0,Fine,Good,65,Green Gram,5.8,Tur Dal
Loam,31.2,5.9,45,40,50,1.81,Coarse,Good,77,Sugarcane,2.1,Coconut
Silty,29.6,6.4,73,19,11,0.77,Medium,Moderate,54,Banana,4.4,Onion
Sandy,27.9,6.8,42,17,75,1.98,Medium,Good,73,Green Gram,5.4,Groundnut
Silty,32.4,7.0,64,31,78,2.06,Coarse,Good,83,Coconut,9.1,Tomato
Silty,32.7,6.4,91,23,27,2.27,Medium,Good,87,Paddy,7.7,Tomato
Loam,21.0,6.3,80,46,19,0.75,Coarse,Good,56,Maize,4.8,Maize
Sandy,25.3,5.5,64,49,79,2.34,Coarse,Good,86,Sugarcane,0.7,Coconut
Sandy,17.1,7.1,26,53,36,1.04,Medium,Good,62,Paddy,8.7,Green Gram
Loam,27.6,6.4,48,17,72,0.58,Medium,Good,60,Sugarcane,4.4,Coconut
Sandy,24.2,7.3,65,47,11,1.56,Medium,Good,70,Tomato,2.1,Onion
Loam,23.8,5.8,59,59,73,1.43,Medium,Moderate,76,Groundnut,4.8,Maize
Silty,33.8,5.7,56,47,61,1.55,Medium,Good,75,Tomato,7.6,Maize
Silty,31.1,6.9,89,20,24,2.06,Medium,Moderate,76,Tomato,1.5,Paddy
Sandy,29.1,6.4,35,44,43,2.14,Coarse,Good,83,Groundnut,1.7,Groundnut
Clay,27.4,7.0,30,45,26,1.63,Fine,Good,72,Onion,9.0,Tur Dal
Loam,19.7,7.1,45,11,62,0.74,Coarse,Moderate,60,Groundnut,2.4,Green Gram
Silty,33.5,7.1,73,14,80,1.01,Fine,Moderate,61,Tur Dal,4.3,Banana
Sandy,23.3,6.9,47,18,76,1.1,Coarse,Good,61,Green Gram,1.0,Groundnut
Loam,35.7,7.4,95,56,26,2.02,Medium,Good,79,Banana,7.7,Sugarcane
Loam,36.0,6.1,98,45,11,1.86,Medium,Moderate,69,Coconut,7.6,Paddy
Clay,33.5,7.3,87,58,61,1.5,Fine,Moderate,84,Sugarcane,1.7,Banana
Loam,21.2,6.2,64,36,68,2.33,Medium,Good,85,Tur Dal,9.3,Onion
Loam,25.3,6.3,42,54,51,1.68,Medium,Good,76,Groundnut,6.4,Groundnut
Silty,26.4,6.4,61,16,20,1.16,Coarse,Good,62,Banana,6.2,Maize
Loam,20.3,6.1,63,15,26,1.25,Medium,Good,68,Groundnut,8.1,Onion
Loam,23.1,7.2,61,41,35,1.72,Fine,Good,73,Banana,1.5,Onion
Silty,39.4,7.2,84,16,23,0.52,Medium,Moderate,57,Groundnut,8.0,Sugarcane
Sandy,33.7,6.9,87,48,58,1.94,Coarse,Good,85,Groundnut,6.1,Tomato
Loam,32.0,6.6,75,18,48,1.41,Medium,Moderate,73,Maize,0.6,Paddy
Loam,27.3,6.9,44,58,43,2.17,Coarse,Good,80,Onion,2.4,Coconut
Silty,28.1,6.5,84,60,37,2.03,Medium,Moderate,83,Onion,1.1,Onion
Clay,32.3,7.3,89,47,12,1.64,Medium,Moderate,65,Tur Dal,2.0,Banana
Sandy,16.0,7.1,26,20,56,1.7,Medium,Good,76,Green Gram,4.4,Green Gram
Silty,30.0,7.4,80,35,58,0.84,Fine,Moderate,66,Coconut,6.3,Banana
Sandy,22.4,6.4,50,43,26,2.16,Medium,Moderate,79,Maize,7.3,Groundnut
Sandy,27.3,6.3,85,56,58,1.54,Medium,Good,81,Green Gram,4.5,Tomato
Clay,28.2,6.9,73,15,47,2.19,Fine,Moderate,80,Maize,8.0,Banana
Loam,37.2,6.9,87,26,68,2.39,Fine,Good,83,Green Gram,6.2,Banana
Silty,29.7,6.6,71,40,27,0.83,Coarse,Good,58,Sugarcane,7.8,Tomato
Silty,37.3,6.4,97,53,68,0.5,Fine,Good,66,Paddy,8.6,Sugarcane
Clay,19.8,8.0,43,51,50,0.85,Fine,Good,68,Groundnut,8.0,Tur Dal
Silty,30.9,6.0,74,23,72,2.36,Medium,Good,88,Banana,8.1,Tomato
Clay,31.8,6.8,83,12,25,1.27,Fine,Moderate,66,Green Gram,7.7,Banana
Silty,31.1,6.2,95,59,31,2.32,Coarse,Good,85,Tur Dal,2.0,Tomato
Silty,27.8,6.9,60,47,29,1.82,Medium,Good,75,Tur Dal,3.0,Tomato
Chalky,23.7,7.9,23,60,46,2.23,Medium,Moderate,84,Sugarcane,3.0,Tur Dal
Silty,26.4,6.8,79,60,49,0.84,Fine,Good,64,Banana,4.0,Onion
Loam,32.8,7.2,68,27,10,1.83,Fine,Good,75,Paddy,1.4,Banana
Silty,22.7,6.9,21,32,27,1.44,Medium,Good,70,Tomato,0.6,Groundnut
Loam,28.0,6.1,73,37,42,1.17,Fine,Good,73,Banana,0.9,Onion
Sandy,28.3,7.0,51,51,45,0.92,Medium,Good,65,Maize,1.7,Coconut
Loam,28.2,6.2,42,49,16,1.29,Medium,Good,67,Banana,5.2,Coconut
Loam,35.3,6.5,82,15,13,2.48,Fine,Good,80,Sugarcane,9.6,Sugarcane
Silty,33.0,6.5,98,33,30,1.58,Fine,Poor,76,Coconut,9.2,Paddy
Loam,31.7,6.8,79,13,23,1.33,Coarse,Good,63,Tomato,6.3,Tomato
Sandy,29.5,6.4,60,49,36,0.6,Medium,Good,56,Onion,0.8,Tomato
Sandy,26.7,5.8,53,49,63,1.0,Coarse,Good,71,Tur Dal,8.2,Maize
Sandy,15.6,6.7,45,40,68,2.26,Coarse,Moderate,80,Onion,1.5,Green Gram
Loam,32.4,6.4,68,11,14,1.83,Medium,Good,77,Onion,8.7,Tomato
Loam,27.9,6.9,84,42,22,2.31,Medium,Good,82,Groundnut,5.5,Tomato
Loam,17.5,6.9,33,59,36,1.4,Medium,Good,69,Maize,1.4,Tur Dal
Clay,32.3,6.9,70,45,20,0.77,Medium,Moderate,54,Banana,5.4,Banana
Sandy,22.3,6.1,78,22,72,1.14,Medium,Moderate,67,Paddy,9.1,Onion
Silty,24.4,6.7,41,37,41,1.46,Coarse,Good,74,Sugarcane,1.9,Green Gram
Sandy,21.4,7.3,22,50,64,1.31,Medium,Moderate,71,Sugarcane,0.5,Green Gram
Clay,38.6,5.9,86,10,46,1.95,Medium,Moderate,78,Groundnut,10.0,Paddy
Clay,39.3,6.8,70,40,37,2.23,Medium,Moderate,89,Tur Dal,4.1,Paddy
Sandy,31.9,6.9,68,51,30,1.13,Coarse,Good,67,Maize,2.2,Tomato
Silty,28.0,6.9,83,15,40,1.7,Fine,Moderate,75,Onion,3.6,Onion
Clay,28.4,6.9,88,20,35,2.4,Medium,Good,89,Tomato,1.6,Banana
Silty,30.2,6.3,79,13,37,2.45,Medium,Good,80,Sugarcane,3.6,Tomato
Loam,32.3,7.5,46,18,34,1.34,Coarse,Good,70,Coconut,9.8,Coconut
Sandy,23.9,6.9,42,36,43,1.73,Coarse,Good,78,Green Gram,6.6,Groundnut
Loam,15.5,7.2,27,36,80,1.46,Fine,Good,65,Sugarcane,1.8,Tur Dal
Silty,32.5,7.3,52,48,58,0.81,Coarse,Moderate,61,Groundnut,8.2,Maize
Clay,32.4,7.1,66,25,57,2.32,Medium,Good,82,Paddy,4.5,Banana
Loam,27.4,6.3,46,59,62,1.85,Coarse,Good,81,Groundnut,3.0,Groundnut
Chalky,24.5,7.3,32,50,21,1.31,Fine,Moderate,69,Onion,4.8,Tur Dal
Silty,20.1,7.1,63,54,33,1.38,Fine,Moderate,76,Tur Dal,8.4,Onion
Sandy,22.2,6.4,47,55,44,0.79,Coarse,Good,66,Sugarcane,6.1,Groundnut
Clay,15.7,7.4,20,53,31,2.36,Fine,Moderate,84,Coconut,2.2,Tur Dal
Silty,38.0,7.5,89,59,48,1.06,Medium,Good,68,Sugarcane,9.5,Banana
Silty,25.4,6.4,63,38,60,2.27,Medium,Good,91,Tomato,4.9,Tomato
Loam,34.2,6.2,90,45,28,1.27,Fine,Moderate,72,Coconut,7.6,Paddy
Loam,33.8,6.6,83,56,18,1.82,Medium,Good,74,Sugarcane,2.3,Tomato
Loam,34.5,6.4,78,28,46,1.91,Fine,Poor,80,Green Gram,9.3,Paddy
Clay,40.0,6.0,64,25,35,2.18,Fine,Poor,84,Green Gram,1.7,Paddy
Silty,31.2,6.1,60,52,44,1.83,Medium,Good,85,Onion,8.7,Tomato
Clay,33.8,5.7,73,36,52,1.59,Fine,Moderate,77,Green Gram,8.4,Paddy
Clay,38.6,6.6,85,60,60,0.53,Medium,Poor,65,Banana,4.0,Paddy
Loam,32.0,5.8,66,33,80,2.37,Medium,Good,91,Coconut,8.6,Maize
Loam,28.9,7.4,28,30,12,2.42,Medium,Moderate,82,Sugarcane,9.3,Tur Dal
Silty,36.1,6.6,79,18,55,1.99,Medium,Good,73,Green Gram,1.6,Banana
Silty,20.7,6.8,57,40,41,2.43,Fine,Moderate,92,Tur Dal,3.9,Onion
Loam,28.5,7.0,48,26,54,2.28,Medium,Good,84,Sugarcane,9.5,Groundnut
Sandy,29.2,6.6,45,32,36,2.4,Medium,Good,92,Groundnut,9.6,Coconut
Loam,18.6,6.7,24,56,44,2.11,Medium,Good,79,Sugarcane,2.4,Green Gram
Sandy,25.1,6.7,67,40,12,1.16,Coarse,Good,65,Green Gram,2.4,Tomato
Loam,23.8,7.2,40,26,63,1.31,Coarse,Moderate,72,Groundnut,7.2,Green Gram
Loam,31.4,5.8,89,38,80,0.7,Fine,Poor,67,Coconut,8.4,Paddy
Sandy,21.0,6.6,61,16,31,1.05,Fine,Good,65,Banana,1.9,Onion
Silty,26.1,6.4,53,36,71,1.43,Medium,Good,72,Tur Dal,3.5,Maize
Silty,33.8,6.6,75,15,12,2.2,Fine,Good,75,Sugarcane,3.2,Sugarcane
Chalky,15.5,7.5,29,24,78,1.08,Medium,Good,67,Groundnut,7.6,Tur Dal
Sandy,25.5,7.0,26,10,56,2.05,Coarse,Good,77,Maize,3.7,Groundnut
Chalky,18.0,8.0,25,55,36,1.38,Medium,Good,66,Maize,8.3,Tur Dal
Silty,24.3,6.4,71,54,17,1.06,Medium,Good,58,Banana,4.9,Onion
Sandy,19.4,6.0,39,25,36,0.71,Coarse,Good,56,Coconut,4.7,Groundnut
Silty,29.1,6.4,72,48,13,2.04,Coarse,Good,73,Onion,6.4,Tomato
Sandy,25.8,6.8,57,38,57,2.1,Fine,Moderate,89,Maize,2.3,Onion
Loam,25.0,7.6,32,18,32,1.96,Fine,Good,82,Groundnut,4.2,Tur Dal
Silty,33.2,5.5,83,13,40,2.26,Medium,Poor,85,Maize,7.5,Paddy
Loam,18.5,6.5,40,18,60,1.46,Coarse,Moderate,66,Maize,1.2,Groundnut
Loam,32.8,6.5,48,60,63,1.85,Medium,Good,74,Sugarcane,0.8,Coconut
Loam,31.0,6.3,84,59,52,1.2,Medium,Good,76,Sugarcane,9.3,Tomato
Loam,31.8,7.2,66,53,63,1.91,Medium,Good,81,Onion,8.1,Banana
Loam,29.9,6.7,72,14,44,2.05,Medium,Good,76,Groundnut,1.4,Tomato
Silty,21.7,6.8,31,26,37,2.01,Coarse,Moderate,77,Groundnut,4.6,Groundnut
Silty,21.7,6.3,58,15,64,1.88,Medium,Good,78,Maize,0.7,Onion
Loam,20.4,7.1,54,21,58,1.71,Fine,Good,73,Tomato,6.4,Onion
Silty,25.6,6.8,42,52,55,1.51,Medium,Moderate,77,Coconut,2.2,Green Gram
Loam,25.8,6.2,59,54,31,2.35,Medium,Good,86,Maize,1.7,Coconut
Sandy,24.1,6.6,87,45,73,0.59,Medium,Good,64,Sugarcane,8.0,Maize
Sandy,21.7,6.6,73,25,15,0.77,Medium,Moderate,60,Groundnut,4.1,Onion
Loam,21.8,6.7,58,13,44,1.22,Fine,Good,66,Onion,1.0,Onion
Loam,28.8,7.0,86,47,71,1.05,Fine,Good,76,Groundnut,2.2,Banana
Loam,29.7,7.4,78,17,26,1.57,Medium,Good,71,Maize,4.2,Banana
Clay,36.4,7.0,84,40,52,2.11,Fine,Moderate,85,Sugarcane,2.3,Sugarcane
Sandy,22.3,7.3,36,55,77,1.28,Coarse,Moderate,64,Tur Dal,3.8,Groundnut
Silty,40.0,7.0,64,18,54,2.26,Fine,Moderate,86,Onion,3.2,Paddy
Silty,26.3,6.4,60,25,38,1.09,Medium,Good,67,Green Gram,7.4,Coconut
Sandy,31.3,6.1,73,12,52,1.2,Coarse,Good,67,Green Gram,0.6,Tomato
Clay,32.3,6.7,81,41,36,0.51,Fine,Good,63,Sugarcane,1.6,Sugarcane
Loam,29.4,7.4,63,52,54,0.56,Medium,Good,59,Tomato,9.5,Onion
Loam,32.9,6.6,85,12,70,1.88,Medium,Good,71,Maize,2.9,Tomato
Chalky,19.6,7.4,39,30,28,0.68,Medium,Moderate,57,Onion,4.3,Tur Dal
Loam,26.5,7.3,76,35,63,1.96,Coarse,Good,81,Onion,6.8,Maize
Silty,30.5,6.4,80,21,68,1.68,Coarse,Good,76,Green Gram,8.9,Tomato
Clay,34.1,7.2,92,41,21,1.1,Fine,Good,65,Coconut,9.9,Banana
Silty,22.5,7.3,26,44,79,1.44,Medium,Moderate,72,Onion,4.2,Green Gram
Loam,18.8,6.0,43,16,23,1.5,Coarse,Good,72,Onion,7.7,Groundnut
Loam,32.3,7.0,70,37,32,1.71,Fine,Good,74,Groundnut,4.8,Banana
Loam,38.7,6.2,90,45,79,1.25,Medium,Moderate,80,Green Gram,9.8,Paddy
Silty,32.5,6.8,89,52,77,2.48,Fine,Moderate,97,Banana,6.3,Paddy
Sandy,24.6,6.5,83,44,55,2.41,Medium,Good,91,Tomato,3.7,Onion
Silty,30.7,7.0,71,31,71,2.33,Medium,Good,90,Tur Dal,5.1,Tomato
Loam,36.9,6.5,83,58,34,2.21,Fine,Moderate,82,Tur Dal,3.6,Sugarcane
Loam,23.6,8.0,32,21,40,1.69,Fine,Moderate,77,Onion,9.2,Tur Dal
Loam,27.5,6.7,70,17,67,1.77,Medium,Good,70,Sugarcane,7.4,Tomato
Loam,30.8,7.0,65,39,76,0.66,Medium,Good,69,Maize,2.8,Tomato
Sandy,25.4,6.5,27,49,79,2.3,Medium,Good,86,Paddy,7.7,Groundnut
Silty,20.5,7.1,46,38,48,2.38,Medium,Good,90,Tomato,8.8,Groundnut
Loam,33.0,7.3,78,26,36,1.51,Medium,Good,73,Maize,6.6,Banana
Clay,32.4,7.4,68,28,20,1.26,Fine,Good,64,Onion,0.8,Banana
Sandy,33.1,6.1,85,56,51,2.09,Medium,Good,83,Groundnut,8.3,Tomato
Loam,26.3,7.2,52,21,47,2.25,Coarse,Good,78,Groundnut,6.2,Maize
Silty,16.8,6.7,38,32,15,0.94,Medium,Moderate,60,Maize,3.0,Green Gram
Loam,24.2,6.3,31,36,66,2.22,Medium,Moderate,77,Maize,1.8,Tur Dal
Silty,23.4,7.0,44,30,75,1.47,Coarse,Moderate,75,Maize,4.1,Green Gram
Clay,37.7,7.0,98,28,25,1.29,Medium,Moderate,69,Maize,8.5,Sugarcane
Clay,23.9,7.0,44,19,10,2.36,Medium,Moderate,75,Coconut,3.8,Tur Dal
Loam,26.0,7.3,27,38,43,1.2,Fine,Moderate,69,Banana,8.7,Tur Dal
Sandy,30.4,7.4,76,35,27,0.97,Fine,Good,64,Coconut,9.4,Onion
Clay,31.0,7.1,68,16,51,2.46,Fine,Moderate,86,Tur Dal,3.7,Banana
Loam,20.3,6.9,49,25,56,0.96,Coarse,Moderate,63,Maize,7.1,Groundnut
Clay,38.3,5.9,83,10,78,0.75,Fine,Moderate,52,Paddy,5.8,Paddy
Loam,27.8,5.7,53,56,75,0.87,Coarse,Good,63,Maize,8.7,Coconut
Silty,20.2,6.6,41,38,30,0.7,Medium,Good,60,Onion,8.1,Green Gram
Loam,32.6,6.5,84,55,28,1.08,Medium,Moderate,60,Onion,2.8,Maize
Silty,30.8,7.2,70,59,19,1.05,Fine,Good,58,Sugarcane,3.7,Onion
Silty,30.8,5.9,60,41,49,1.49,Coarse,Good,72,Sugarcane,5.3,Maize
Loam,27.1,7.3,67,57,41,1.0,Medium,Moderate,67,Green Gram,9.0,Onion
Clay,32.7,7.4,91,58,26,1.11,Fine,Moderate,64,Maize,8.5,Sugarcane
Loam,29.5,7.0,81,12,53,0.61,Fine,Good,58,Paddy,4.4,Onion
Sandy,25.1,6.8,76,17,69,0.72,Medium,Moderate,55,Onion,7.2,Onion
Silty,24.6,6.7,43,38,32,2.47,Medium,Moderate,83,Tur Dal,7.5,Green Gram
Silty,29.2,6.3,56,16,14,0.65,Fine,Moderate,56,Tomato,7.9,Onion
Sandy,29.2,6.1,72,20,30,1.92,Fine,Moderate,75,Tur Dal,8.5,Onion
Silty,28.0,6.8,95,18,72,1.89,Medium,Moderate,77,Onion,6.3,Banana
Chalky,19.2,7.1,30,46,44,2.4,Fine,Good,84,Maize,1.8,Tur Dal
Silty,34.2,6.9,72,13,52,2.36,Fine,Moderate,81,Onion,10.0,Sugarcane
Silty,28.2,5.9,84,14,16,2.03,Medium,Moderate,76,Green Gram,1.1,Maize
Silty,22.6,6.0,32,12,38,0.91,Medium,Moderate,56,Sugarcane,5.6,Groundnut
Clay,25.4,6.1,35,11,53,2.13,Fine,Good,76,Tomato,8.5,Tur Dal
Silty,35.9,6.7,72,44,38,1.8,Medium,Poor,83,Tur Dal,1.2,Paddy
Loam,22.5,6.7,83,47,58,0.68,Fine,Good,66,Tomato,4.4,Onion
Sandy,29.1,6.1,56,40,25,2.32,Medium,Good,78,Tomato,6.8,Onion
Loam,38.4,6.7,74,35,44,0.63,Fine,Moderate,67,Groundnut,8.8,Paddy
Loam,26.9,6.8,84,59,41,1.27,Medium,Good,76,Green Gram,7.5,Tomato
Loam,27.8,6.1,88,15,29,0.53,Medium,Good,52,Sugarcane,3.5,Tomato
Sandy,24.8,7.5,40,43,16,1.71,Medium,Good,73,Coconut,4.7,Groundnut
Silty,32.5,6.5,69,47,77,0.59,Medium,Good,61,Tomato,2.4,Tomato
Loam,27.0,7.3,25,16,59,1.82,Medium,Good,75,Onion,5.3,Green Gram
Silty,37.8,6.0,87,42,53,0.53,Medium,Poor,62,Banana,1.5,Paddy
Clay,36.4,7.0,79,19,14,1.7,Fine,Moderate,69,Maize,3.1,Banana
Sandy,24.7,6.7,34,15,19,0.61,Coarse,Good,59,Coconut,1.2,Green Gram
Clay,35.6,7.3,90,58,58,1.35,Medium,Good,73,Tomato,6.2,Banana
Silty,34.8,5.9,88,25,44,1.17,Fine,Moderate,72,Maize,1.8,Paddy
Silty,34.3,7.0,90,46,18,1.79,Medium,Good,72,Sugarcane,6.7,Banana
Chalky,28.6,7.8,29,15,56,1.0,Medium,Good,61,Tur Dal,1.0,Tur Dal
Clay,36.3,6.4,74,56,20,2.07,Medium,Moderate,81,Groundnut,1.1,Sugarcane
Silty,29.2,6.1,82,16,31,2.08,Coarse,Good,79,Coconut,3.7,Tomato
Sandy,27.8,7.3,47,14,74,1.94,Coarse,Good,78,Sugarcane,0.7,Groundnut
Silty,31.9,7.4,94,49,72,0.61,Fine,Moderate,63,Banana,3.6,Banana
Silty,22.6,6.4,69,49,21,1.94,Fine,Good,77,Groundnut,3.7,Onion
Silty,35.6,6.5,85,24,39,1.95,Fine,Moderate,76,Green Gram,5.4,Banana
Silty,32.2,5.6,89,17,27,0.59,Medium,Moderate,52,Banana,1.6,Paddy
Loam,28.8,6.6,68,31,21,1.23,Medium,Good,64,Tomato,1.9,Banana
Silty,25.5,6.9,58,34,47,1.61,Medium,Good,73,Tomato,8.4,Onion
Sandy,34.6,5.7,63,22,27,1.46,Medium,Good,71,Banana,8.2,Coconut
Silty,20.8,6.5,71,44,51,0.57,Medium,Good,65,Sugarcane,5.9,Onion
Silty,35.5,7.3,90,51,58,1.05,Fine,Moderate,74,Onion,0.6,Banana
Silty,26.0,6.0,59,35,22,0.94,Medium,Good,65,Tomato,5.2,Coconut
Silty,26.6,6.5,88,44,56,1.41,Coarse,Good,80,Coconut,4.1,Tomato
Loam,37.9,6.9,91,43,52,2.32,Medium,Good,94,Banana,4.9,Banana
Loam,37.7,7.4,70,45,67,2.1,Fine,Good,84,Tur Dal,6.0,Banana
Sandy,31.2,6.3,55,42,14,1.84,Coarse,Good,77,Green Gram,2.6,Coconut
Silty,34.5,7.5,72,29,30,1.92,Medium,Good,83,Tur Dal,8.0,Maize
Clay,35.7,5.9,86,57,70,1.91,Fine,Moderate,91,Sugarcane,9.9,Paddy
Loam,31.4,7.3,78,13,35,0.98,Medium,Moderate,62,Green Gram,5.2,Sugarcane
Sandy,26.4,7.4,82,58,22,1.7,Medium,Good,70,Onion,8.8,Onion
Silty,26.7,6.1,63,25,79,0.73,Medium,Moderate,61,Groundnut,8.8,Onion
Sandy,24.1,7.0,42,53,36,1.26,Medium,Good,65,Onion,6.3,Green Gram
Loam,17.8,7.3,36,17,54,1.39,Coarse,Good,73,Groundnut,9.2,Green Gram
Clay,30.7,6.6,73,31,28,2.08,Fine,Poor,81,Tomato,8.7,Paddy
Clay,39.7,6.8,88,20,74,1.49,Fine,Good,69,Banana,1.8,Sugarcane
Loam,19.3,7.2,38,43,74,0.83,Medium,Good,59,Maize,1.4,Groundnut
Loam,16.6,6.5,41,51,15,1.63,Fine,Moderate,72,Sugarcane,9.7,Tur Dal
Sandy,34.5,6.9,48,15,28,0.64,Medium,Good,56,Tomato,8.8,Coconut
Clay,30.6,6.5,83,47,79,2.05,Medium,Good,85,Tomato,6.2,Sugarcane
Loam,30.8,6.2,50,27,29,1.9,Medium,Moderate,82,Groundnut,0.5,Onion
Silty,26.1,6.5,60,48,66,0.57,Medium,Moderate,58,Onion,3.9,Maize
Clay,19.9,6.0,44,50,55,2.2,Medium,Good,87,Sugarcane,2.6,Tur Dal
Loam,25.2,6.3,33,53,35,1.0,Medium,Good,63,Green Gram,3.4,Groundnut
Loam,28.8,5.7,40,25,20,1.04,Coarse,Good,67,Groundnut,0.6,Coconut
Clay,30.3,5.8,92,55,79,1.34,Fine,Poor,80,Tomato,8.2,Paddy
Loam,37.4,7.2,77,31,22,0.51,Fine,Moderate,59,Sugarcane,7.4,Banana
Sandy,27.5,7.2,30,34,42,1.58,Coarse,Good,70,Coconut,8.3,Green Gram
Silty,22.7,6.6,36,13,31,1.02,Medium,Good,58,Sugarcane,6.2,Green Gram
Loam,34.6,7.3,41,59,27,1.09,Medium,Good,62,Coconut,9.7,Coconut
Chalky,25.2,6.0,42,37,26,1.46,Fine,Moderate,68,Maize,7.4,Tur Dal
Clay,30.2,7.0,82,23,49,1.41,Fine,Good,70,Onion,6.8,Sugarcane
Clay,29.3,7.0,26,36,72,1.33,Fine,Good,71,Banana,2.1,Tur Dal
Loam,38.3,5.6,81,20,66,1.6,Fine,Moderate,72,Paddy,1.6,Paddy
Silty,22.8,6.3,83,15,28,1.69,Medium,Moderate,76,Banana,7.7,Onion
Silty,33.2,5.7,45,16,46,1.21,Coarse,Good,67,Maize,3.9,Coconut
Loam,35.5,6.3,65,39,25,1.8,Fine,Poor,72,Tomato,5.3,Paddy
Loam,23.7,6.6,64,15,51,0.61,Fine,Moderate,58,Groundnut,5.5,Onion
Loam,26.5,5.9,58,13,56,2.08,Coarse,Good,82,Green Gram,1.0,Coconut
Loam,22.1,6.2,48,17,67,0.85,Medium,Moderate,65,Green Gram,8.2,Tur Dal
Silty,22.0,6.7,31,26,56,1.42,Medium,Moderate,73,Tomato,7.2,Groundnut
Loam,27.6,6.4,75,51,78,2.12,Coarse,Good,88,Maize,2.2,Tomato
Loam,30.7,7.4,52,12,35,2.27,Coarse,Moderate,78,Tomato,5.4,Maize
Loam,35.4,6.8,93,54,48,1.28,Medium,Moderate,76,Tur Dal,4.4,Banana
Silty,34.1,6.7,77,25,48,0.74,Medium,Good,59,Groundnut,4.8,Maize
Silty,16.9,7.3,25,18,76,1.57,Coarse,Moderate,69,Banana,3.4,Green Gram
Clay,39.5,5.6,93,51,13,0.62,Medium,Moderate,54,Sugarcane,4.5,Paddy
Clay,16.2,7.1,39,15,49,0.66,Medium,Good,61,Tur Dal,5.6,Tur Dal
Silty,28.3,7.2,71,50,76,1.78,Medium,Good,85,Maize,4.2,Banana
Silty,15.1,6.7,36,42,47,1.18,Medium,Good,63,Coconut,9.6,Green Gram
Silty,27.3,7.3,48,27,76,1.96,Medium,Good,76,Sugarcane,8.6,Groundnut
Clay,29.5,6.9,20,24,75,1.99,Medium,Good,76,Groundnut,2.6,Tur Dal
Loam,32.7,6.5,65,49,29,0.67,Medium,Good,64,Sugarcane,3.4,Tomato
Loam,29.5,6.9,69,40,63,1.55,Medium,Good,83,Paddy,2.1,Coconut
Clay,39.1,6.7,74,25,76,1.36,Fine,Good,71,Coconut,1.2,Sugarcane
Sandy,26.8,6.9,34,30,12,1.28,Coarse,Moderate,60,Paddy,6.6,Green Gram
Sandy,22.2,6.9,52,11,66,1.13,Medium,Moderate,59,Green Gram,4.4,Maize
Silty,26.5,6.5,84,23,50,1.1,Coarse,Good,69,Tomato,9.2,Tomato
Loam,34.2,6.5,62,20,44,2.45,Coarse,Good,86,Tur Dal,7.6,Coconut
Clay,36.5,6.5,69,57,11,1.5,Fine,Moderate,69,Onion,3.7,Banana
Sandy,30.9,7.0,73,13,34,1.23,Medium,Good,63,Sugarcane,5.3,Maize
Clay,16.7,7.2,21,17,11,1.92,Fine,Moderate,76,Tur Dal,5.2,Tur Dal
Sandy,27.9,7.0,80,42,17,1.28,Fine,Good,65,Sugarcane,6.4,Onion
Sandy,28.0,7.3,61,31,54,1.47,Coarse,Good,76,Coconut,0.5,Coconut
Clay,28.0,6.0,33,56,41,1.64,Fine,Moderate,70,Sugarcane,2.1,Tur Dal
Loam,16.5,6.7,29,59,27,1.78,Medium,Good,76,Maize,5.5,Tur Dal
Loam,32.1,7.3,85,45,77,0.77,Coarse,Good,66,Green Gram,3.6,Maize
Clay,35.3,6.3,71,15,58,1.74,Fine,Poor,71,Groundnut,1.9,Paddy
Silty,27.9,6.8,35,20,61,0.54,Coarse,Good,54,Tur Dal,2.5,Green Gram
Loam,19.8,7.1,34,13,19,1.44,Medium,Moderate,65,Maize,8.7,Green Gram
Loam,29.0,7.3,78,56,65,0.84,Medium,Moderate,69,Tur Dal,2.4,Banana
Clay,22.4,6.7,50,21,58,0.67,Fine,Good,60,Green Gram,7.3,Tur Dal
Silty,35.9,6.9,81,40,53,1.71,Medium,Moderate,79,Onion,10.0,Banana
Silty,26.6,6.7,33,36,69,0.56,Medium,Moderate,58,Sugarcane,1.3,Groundnut
Silty,35.6,7.2,79,30,34,1.36,Medium,Good,75,Sugarcane,2.5,Banana
Loam,20.8,6.3,80,10,80,2.46,Medium,Moderate,79,Banana,5.0,Maize
Sandy,34.7,6.5,77,54,79,0.85,Coarse,Good,71,Groundnut,4.6,Tomato
Sandy,21.6,6.7,29,49,57,1.63,Medium,Moderate,69,Tomato,5.5,Groundnut
Loam,31.2,6.7,53,33,18,1.4,Coarse,Good,71,Coconut,2.9,Coconut
Silty,24.3,7.3,81,18,19,1.4,Medium,Moderate,72,Banana,10.0,Maize
Silty,16.4,7.3,21,38,58,0.75,Medium,Moderate,55,Tur Dal,2.5,Green Gram
Loam,35.9,6.8,82,50,64,2.49,Medium,Good,97,Banana,7.5,Sugarcane
Loam,35.6,6.3,72,56,62,1.48,Fine,Poor,81,Banana,6.6,Paddy
Silty,24.6,7.4,43,42,46,1.89,Coarse,Good,74,Sugarcane,4.2,Green Gram
Sandy,22.8,6.8,83,43,79,1.51,Coarse,Moderate,84,Coconut,0.7,Maize
Silty,20.5,5.8,78,38,19,1.65,Coarse,Good,72,Sugarcane,3.5,Maize
Loam,32.5,6.5,56,26,32,0.9,Medium,Good,67,Tomato,9.6,Coconut
Clay,35.7,7.3,76,54,17,1.8,Medium,Moderate,78,Green Gram,2.8,Banana
Loam,31.7,6.7,58,60,57,1.75,Fine,Good,82,Paddy,8.7,Onion
Clay,34.7,6.7,86,48,69,0.76,Fine,Good,67,Sugarcane,9.6,Sugarcane
Sandy,27.2,6.2,44,10,50,1.88,Medium,Good,76,Green Gram,4.9,Coconut
Silty,29.9,6.5,76,22,25,2.47,Medium,Good,90,Groundnut,3.9,Onion
Sandy,32.3,7.4,59,28,20,1.19,Coarse,Moderate,64,Tomato,7.6,Maize
Loam,32.1,7.4,65,24,70,1.29,Fine,Moderate,67,Sugarcane,9.0,Banana
Silty,35.9,6.5,79,36,57,0.86,Fine,Moderate,71,Groundnut,2.6,Sugarcane
Loam,21.4,6.3,65,41,65,1.34,Fine,Moderate,79,Green Gram,2.0,Onion
Loam,38.2,6.2,74,18,75,2.23,Medium,Good,78,Green Gram,4.8,Sugarcane
Sandy,23.3,6.6,28,27,24,2.44,Coarse,Good,87,Green Gram,7.4,Groundnut
Clay,38.0,7.2,74,30,18,1.93,Fine,Good,79,Coconut,2.3,Banana
Loam,31.5,7.0,68,10,73,1.99,Coarse,Moderate,72,Sugarcane,5.6,Maize
Loam,30.0,6.1,56,48,38,0.63,Medium,Moderate,58,Onion,8.2,Onion
Chalky,19.6,7.4,27,55,22,0.5,Fine,Moderate,55,Tur Dal,6.1,Tur Dal
Silty,38.9,6.1,95,57,70,1.4,Medium,Poor,83,Tomato,7.8,Paddy
Sandy,21.1,7.2,43,51,21,0.94,Medium,Moderate,59,Tomato,4.5,Green Gram
Sandy,26.1,6.5,88,22,51,0.54,Coarse,Good,53,Coconut,0.7,Tomato
Silty,30.0,6.7,92,44,56,0.57,Coarse,Good,60,Banana,7.2,Tomato
Loam,22.8,7.3,40,60,80,1.22,Coarse,Moderate,71,Onion,5.5,Green Gram
Sandy,23.3,6.9,26,12,75,1.53,Coarse,Good,66,Tur Dal,6.9,Green Gram
Chalky,28.2,7.9,20,16,36,1.56,Fine,Good,67,Banana,9.6,Tur Dal
Clay,23.8,7.5,40,54,65,1.96,Medium,Good,83,Paddy,2.8,Tur Dal
Silty,28.1,6.8,47,37,71,0.62,Coarse,Good,60,Paddy,3.4,Coconut
Sandy,33.0,6.6,60,36,65,1.29,Coarse,Good,70,Sugarcane,8.4,Tomato
Silty,25.7,7.3,53,30,35,0.89,Medium,Good,67,Banana,0.9,Coconut
Loam,26.4,6.8,23,49,57,1.2,Medium,Good,63,Paddy,2.8,Groundnut
Loam,37.3,6.3,75,11,47,2.45,Medium,Moderate,80,Banana,9.1,Sugarcane
Silty,28.5,6.1,91,21,39,1.92,Coarse,Good,83,Paddy,1.6,Tomato
Loam,32.3,6.8,86,38,45,0.8,Coarse,Good,62,Tur Dal,2.3,Tomato
Clay,34.0,6.9,96,49,20,1.34,Fine,Poor,68,Coconut,3.5,Paddy
Clay,38.0,6.6,83,11,66,0.79,Medium,Good,53,Coconut,9.5,Sugarcane
Silty,25.8,6.7,66,33,75,1.97,Fine,Good,78,Tomato,2.0,Onion
Loam,29.3,6.7,78,48,49,1.67,Medium,Good,79,Banana,3.1,Banana
Sandy,31.6,6.9,81,32,45,1.08,Coarse,Good,70,Coconut,4.1,Maize
Loam,21.4,6.2,28,24,31,1.08,Medium,Moderate,68,Groundnut,7.7,Groundnut
Silty,23.2,6.8,43,34,58,1.23,Coarse,Good,71,Maize,5.4,Green Gram
Silty,30.9,6.6,80,29,11,0.92,Medium,Good,55,Maize,7.6,Maize
Sandy,34.3,6.9,80,15,21,1.36,Medium,Moderate,70,Onion,8.2,Maize
Sandy,19.9,6.9,37,20,42,0.51,Coarse,Good,56,Tur Dal,0.9,Green Gram
Silty,19.1,7.1,20,49,66,2.16,Coarse,Good,83,Onion,7.7,Green Gram
Silty,20.6,7.0,21,36,38,1.65,Medium,Moderate,68,Green Gram,7.9,Groundnut
Silty,30.6,6.9,69,39,55,0.81,Medium,Good,65,Groundnut,2.9,Tomato
Sandy,34.5,7.1,87,47,71,0.84,Medium,Moderate,72,Groundnut,7.9,Maize
Silty,34.0,5.8,68,58,16,2.22,Medium,Poor,76,Tur Dal,8.0,Paddy
Loam,27.6,6.7,32,41,71,2.27,Coarse,Moderate,78,Tur Dal,4.7,Green Gram
Loam,21.4,6.6,74,31,30,1.24,Coarse,Good,70,Groundnut,6.2,Maize
Loam,20.1,7.1,28,29,73,1.18,Coarse,Good,66,Coconut,6.0,Groundnut
Sandy,34.0,6.7,45,48,33,1.86,Medium,Good,75,Tomato,6.4,Coconut
Clay,35.2,7.5,96,60,50,1.4,Fine,Good,79,Tur Dal,3.0,Sugarcane
Silty,29.5,6.0,69,37,37,0.8,Coarse,Good,63,Coconut,3.7,Coconut
Silty,23.6,6.9,38,34,69,1.99,Medium,Good,84,Tur Dal,9.1,Groundnut
Sandy,19.8,7.1,43,49,76,1.07,Coarse,Moderate,71,Paddy,9.5,Green Gram
Silty,23.3,7.4,37,31,56,2.15,Medium,Moderate,85,Banana,3.7,Green Gram
Silty,31.5,7.0,45,60,26,1.18,Medium,Good,65,Sugarcane,0.9,Coconut
Silty,32.8,6.1,87,58,30,0.55,Medium,Good,62,Coconut,6.1,Sugarcane
Clay,33.6,6.1,70,28,66,0.89,Fine,Moderate,66,Onion,0.9,Sugarcane
Loam,19.5,7.0,34,15,17,1.04,Medium,Good,67,Maize,3.7,Groundnut
Loam,37.0,7.2,79,54,22,1.29,Medium,Good,71,Green Gram,8.9,Banana
Loam,20.9,6.9,53,23,68,0.86,Fine,Good,61,Banana,7.3,Onion
Silty,25.8,6.7,52,30,70,1.5,Coarse,Moderate,79,Banana,1.5,Maize
Loam,33.5,6.3,94,17,43,0.86,Medium,Poor,65,Tomato,0.9,Paddy
Clay,27.3,6.8,20,21,55,0.93,Fine,Good,57,Tomato,4.7,Tur Dal
Sandy,31.7,6.3,70,10,75,0.7,Coarse,Good,56,Coconut,3.5,Tomato
Chalky,17.8,6.7,34,52,72,1.56,Medium,Good,74,Groundnut,4.2,Tur Dal
Loam,25.2,6.5,25,38,80,1.0,Medium,Good,62,Tur Dal,1.7,Tur Dal
Clay,34.1,7.3,80,15,24,2.46,Medium,Good,84,Tomato,1.9,Sugarcane
Silty,26.1,6.7,63,22,24,2.09,Fine,Good,81,Banana,5.2,Onion
Sandy,32.3,6.4,44,41,33,1.42,Medium,Good,75,Tur Dal,2.3,Coconut
Loam,23.8,7.8,44,14,57,1.91,Medium,Good,77,Groundnut,1.5,Tur Dal
Sandy,24.2,7.0,58,21,48,0.56,Fine,Moderate,61,Green Gram,1.7,Onion
Sandy,25.8,7.3,78,12,34,0.55,Medium,Good,59,Green Gram,5.1,Onion
Silty,21.9,7.1,26,16,36,1.58,Medium,Moderate,73,Sugarcane,6.6,Green Gram
Clay,29.5,6.6,42,30,58,1.06,Fine,Moderate,69,Onion,1.6,Tur Dal
Chalky,25.3,7.9,27,57,66,2.05,Medium,Good,76,Sugarcane,6.2,Tur Dal
Loam,37.4,7.0,97,46,49,1.62,Fine,Moderate,75,Coconut,1.3,Sugarcane
Silty,16.9,7.2,45,45,28,0.75,Coarse,Good,55,Groundnut,4.2,Green Gram
Loam,27.0,7.0,95,25,77,1.11,Medium,Good,67,Tur Dal,0.7,Tomato
Chalky,22.2,6.8,36,60,56,1.9,Fine,Moderate,81,Groundnut,6.6,Tur Dal
Silty,24.1,6.1,72,32,17,1.82,Fine,Moderate,71,Tomato,6.1,Onion
Sandy,27.6,7.4,31,39,36,2.37,Medium,Moderate,88,Tur Dal,2.1,Groundnut
Loam,23.0,6.5,82,12,27,1.93,Medium,Moderate,78,Coconut,4.8,Maize
Silty,26.8,7.4,40,23,70,1.5,Medium,Good,71,Coconut,8.6,Groundnut
Loam,31.0,6.9,76,15,72,1.44,Medium,Moderate,68,Onion,7.3,Onion
Loam,36.8,6.3,70,42,52,0.69,Fine,Moderate,70,Green Gram,6.9,Paddy
Silty,24.9,6.3,56,40,51,2.37,Medium,Moderate,84,Sugarcane,2.7,Maize
Clay,39.8,7.5,95,35,80,2.25,Medium,Good,90,Onion,9.1,Sugarcane
Loam,26.8,6.7,86,56,67,1.08,Coarse,Good,72,Tur Dal,9.6,Tomato
Loam,24.3,6.4,55,52,49,0.82,Medium,Moderate,65,Groundnut,7.6,Onion
Loam,33.8,7.0,84,38,69,1.37,Medium,Moderate,74,Banana,3.5,Banana
Sandy,16.5,7.2,38,51,80,0.65,Medium,Moderate,61,Tomato,1.4,Green Gram
Loam,22.8,7.3,44,20,53,2.34,Medium,Moderate,85,Maize,2.7,Green Gram
Loam,20.3,7.2,67,56,72,2.06,Medium,Good,82,Maize,3.5,Onion
Loam,28.2,7.0,47,59,47,1.92,Coarse,Good,79,Green Gram,6.8,Coconut
Loam,32.7,6.8,48,50,12,1.78,Coarse,Good,72,Maize,1.6,Coconut
Loam,31.9,5.7,89,51,12,0.6,Fine,Poor,52,Tur Dal,8.0,Paddy
Chalky,19.8,6.5,20,11,45,0.62,Fine,Moderate,60,Coconut,3.9,Tur Dal
Loam,21.7,6.1,36,37,68,1.63,Medium,Good,77,Onion,3.2,Groundnut
Loam,27.5,8.0,24,33,20,1.66,Medium,Good,69,Maize,0.7,Tur Dal
Loam,26.1,7.0,26,53,76,2.15,Coarse,Moderate,78,Maize,0.6,Green Gram
Silty,31.7,6.7,50,19,68,2.37,Medium,Good,84,Onion,1.6,Coconut
Clay,15.8,6.9,46,48,60,2.44,Medium,Good,86,Tomato,7.9,Tur Dal
Sandy,24.0,7.0,34,49,30,1.11,Coarse,Moderate,63,Tomato,0.6,Groundnut
Sandy,33.7,6.9,63,45,51,2.05,Coarse,Moderate,84,Coconut,6.7,Maize
Silty,18.8,6.1,26,20,78,1.29,Medium,Good,69,Tomato,8.1,Groundnut
Loam,26.8,6.0,66,16,14,1.64,Coarse,Good,73,Banana,5.5,Tomato
Loam,18.5,6.9,35,17,26,1.89,Coarse,Good,72,Tur Dal,1.5,Green Gram
Silty,26.6,7.4,52,34,67,1.13,Fine,Good,68,Banana,0.8,Onion
Sandy,23.7,5.7,61,45,25,1.02,Coarse,Good,61,Banana,2.5,Maize
Clay,15.1,6.2,46,16,13,0.91,Fine,Moderate,60,Maize,5.0,Tur Dal
Silty,29.3,7.4,50,39,64,1.25,Coarse,Good,71,Tur Dal,5.7,Coconut
Chalky,22.3,7.2,21,35,28,1.74,Medium,Good,74,Sugarcane,0.9,Tur Dal
Loam,21.7,6.5,28,15,61,1.85,Medium,Moderate,78,Maize,5.8,Green Gram
Silty,33.8,5.5,80,23,55,2.1,Fine,Moderate,80,Groundnut,7.2,Paddy
Loam,26.5,5.9,63,40,62,1.95,Coarse,Good,83,Paddy,3.2,Coconut
Silty,31.4,5.8,72,59,69,2.46,Coarse,Moderate,93,Tur Dal,8.2,Maize
Silty,34.2,5.8,51,15,62,1.51,Medium,Good,67,Paddy,6.4,Coconut
Sandy,25.6,6.3,46,42,79,0.9,Coarse,Good,65,Tomato,6.8,Groundnut
Silty,39.8,7.5,98,17,28,2.27,Medium,Moderate,78,Green Gram,2.3,Sugarcane
Sandy,22.7,6.7,31,50,42,2.04,Medium,Moderate,80,Groundnut,9.9,Green Gram
Loam,20.0,6.9,36,55,19,1.49,Medium,Good,69,Paddy,5.2,Tur Dal
Loam,36.4,6.2,60,53,79,0.82,Medium,Moderate,66,Onion,9.9,Paddy
Silty,29.6,6.9,81,57,17,2.17,Coarse,Good,77,Onion,5.8,Tomato
Sandy,30.0,6.4,45,14,45,1.65,Medium,Good,70,Maize,2.2,Coconut
Clay,37.1,7.2,72,37,26,1.45,Fine,Moderate,70,Onion,6.9,Sugarcane
Chalky,28.2,6.9,33,55,37,0.91,Fine,Moderate,65,Maize,6.0,Tur Dal
Loam,29.8,7.2,41,19,69,0.66,Medium,Good,59,Green Gram,8.9,Coconut
Silty,31.9,6.9,80,35,19,1.56,Medium,Moderate,68,Green Gram,7.2,Banana
Loam,32.7,6.7,89,54,72,0.81,Medium,Moderate,70,Paddy,6.0,Paddy
Clay,38.7,7.4,75,58,74,1.5,Medium,Good,83,Tur Dal,6.6,Sugarcane
Loam,36.0,6.2,100,46,25,0.53,Medium,Moderate,56,Banana,8.4,Sugarcane
Loam,16.5,6.9,21,51,50,0.52,Medium,Moderate,58,Coconut,7.8,Green Gram
Loam,33.8,7.2,55,27,58,1.85,Medium,Moderate,80,Maize,2.3,Maize
Silty,24.8,6.7,47,60,48,2.35,Coarse,Moderate,82,Banana,4.1,Groundnut
Loam,22.1,7.5,64,25,48,2.25,Coarse,Good,89,Coconut,2.6,Maize
Clay,38.9,5.7,89,47,29,2.27,Medium,Moderate,85,Banana,6.3,Paddy
Sandy,34.7,5.7,61,55,66,2.48,Medium,Moderate,92,Groundnut,2.0,Maize
Silty,36.7,6.4,100,53,39,1.44,Medium,Poor,75,Coconut,3.6,Paddy
Sandy,27.2,6.3,67,59,35,2.33,Coarse,Good,85,Paddy,8.1,Tomato
Loam,26.7,7.3,69,37,27,1.12,Medium,Moderate,64,Maize,5.9,Onion
Loam,35.3,6.9,70,28,53,2.11,Medium,Moderate,83,Maize,1.8,Paddy
Loam,30.0,7.4,77,24,47,1.82,Medium,Good,73,Paddy,4.0,Banana
Sandy,29.2,6.4,53,18,56,1.2,Medium,Good,68,Paddy,7.8,Onion
Silty,29.1,6.5,40,50,67,1.78,Medium,Good,77,Paddy,2.6,Coconut
Loam,21.7,7.0,35,51,34,1.14,Medium,Moderate,62,Maize,2.1,Green Gram
Sandy,32.9,6.2,49,16,33,1.51,Medium,Good,72,Banana,7.5,Coconut
Loam,23.0,6.8,38,30,64,0.84,Medium,Moderate,60,Green Gram,7.3,Green Gram
Loam,22.1,6.2,33,46,73,1.77,Medium,Good,78,Tur Dal,8.8,Groundnut
Sandy,31.3,5.5,51,21,42,2.44,Coarse,Good,86,Groundnut,1.5,Coconut
Sandy,18.7,7.3,35,59,43,2.16,Medium,Good,86,Onion,7.2,Green Gram
Loam,38.5,6.4,62,34,20,1.6,Medium,Poor,74,Groundnut,8.9,Paddy
Clay,38.3,6.5,83,33,43,1.75,Fine,Moderate,78,Paddy,7.7,Sugarcane
Loam,28.6,7.4,62,30,16,0.86,Medium,Good,54,Onion,2.5,Coconut
Sandy,30.6,6.5,91,44,54,1.15,Medium,Good,72,Groundnut,9.2,Tomato
Loam,29.7,7.0,79,14,14,1.97,Medium,Good,75,Paddy,5.0,Onion
Loam,29.0,6.6,66,22,52,1.0,Fine,Moderate,67,Tomato,2.3,Banana
Clay,17.4,6.5,46,34,27,2.08,Fine,Good,82,Maize,5.3,Tur Dal
Clay,30.4,6.5,84,41,77,1.76,Fine,Moderate,82,Tomato,4.9,Sugarcane
Loam,16.1,6.3,32,45,21,1.18,Medium,Moderate,70,Banana,7.2,Tur Dal
Silty,35.5,6.4,74,27,65,1.47,Medium,Poor,72,Sugarcane,7.4,Paddy
Loam,30.7,6.6,72,60,25,0.85,Medium,Good,63,Tomato,6.1,Banana
Loam,26.1,6.5,69,33,38,0.94,Medium,Good,62,Tur Dal,4.8,Maize
Silty,33.0,6.5,61,10,16,2.32,Medium,Moderate,83,Tomato,7.9,Paddy
Loam,25.6,6.7,38,41,79,1.12,Medium,Moderate,66,Maize,1.0,Tur Dal
Sandy,26.0,6.2,26,48,15,2.42,Coarse,Good,82,Green Gram,0.6,Groundnut
Silty,31.6,6.0,63,41,79,1.08,Coarse,Moderate,75,Banana,2.8,Maize
Silty,31.2,6.5,69,50,21,1.23,Fine,Good,69,Onion,1.3,Onion
Loam,21.5,6.3,50,38,51,0.99,Medium,Moderate,66,Tur Dal,4.9,Groundnut
Clay,37.9,6.4,96,17,69,1.88,Medium,Moderate,78,Tomato,5.3,Paddy
Sandy,27.1,7.2,37,51,40,1.14,Medium,Moderate,69,Coconut,5.8,Groundnut
Loam,30.5,6.9,83,53,17,1.62,Fine,Moderate,68,Sugarcane,4.3,Sugarcane
Clay,31.1,6.4,80,43,40,2.39,Fine,Good,91,Groundnut,4.7,Sugarcane
Loam,34.6,6.1,74,22,77,1.81,Coarse,Good,77,Tur Dal,5.8,Tomato
Loam,25.1,6.9,43,57,55,2.4,Coarse,Good,91,Banana,7.5,Groundnut
Loam,22.0,6.3,43,12,12,2.01,Coarse,Good,75,Coconut,4.3,Groundnut
Loam,18.7,7.2,28,35,66,1.35,Medium,Moderate,65,Paddy,3.0,Groundnut
Sandy,25.0,7.1,70,30,39,0.7,Medium,Good,65,Green Gram,4.1,Onion
Loam,18.0,7.3,45,47,22,1.35,Coarse,Moderate,65,Green Gram,9.1,Green Gram
Loam,33.5,6.7,77,39,46,1.25,Medium,Moderate,73,Maize,3.7,Banana
Sandy,25.6,6.8,59,10,60,2.17,Coarse,Good,80,Banana,5.8,Coconut
Sandy,29.7,6.9,50,46,34,0.85,Coarse,Good,67,Sugarcane,8.4,Maize
Loam,31.4,6.7,86,16,31,1.95,Fine,Good,72,Coconut,1.5,Banana
Silty,34.7,5.7,51,24,16,2.15,Coarse,Good,75,Onion,8.7,Coconut
Clay,39.0,6.2,86,36,71,1.95,Medium,Good,83,Green Gram,1.8,Sugarcane
Sandy,27.8,7.2,24,23,79,0.56,Medium,Moderate,58,Maize,6.4,Green Gram
Loam,34.2,6.2,63,35,53,2.1,Fine,Poor,81,Green Gram,2.3,Paddy
Loam,34.1,6.9,84,37,70,2.47,Fine,Moderate,95,Maize,7.5,Banana
Clay,30.1,6.2,75,54,61,2.24,Medium,Good,95,Groundnut,7.4,Sugarcane
Loam,39.6,6.9,90,13,71,1.05,Fine,Moderate,60,Sugarcane,10.0,Sugarcane
Silty,30.8,6.6,68,21,23,2.34,Medium,Good,83,Green Gram,2.3,Maize
Sandy,30.8,7.0,49,56,72,1.37,Coarse,Good,72,Groundnut,7.6,Coconut
Sandy,25.9,7.1,64,19,43,1.1,Medium,Good,66,Banana,1.7,Onion
Clay,34.9,6.9,64,48,28,0.63,Fine,Moderate,56,Groundnut,5.7,Paddy
Sandy,25.6,7.4,29,37,24,0.69,Coarse,Moderate,61,Paddy,0.6,Green Gram
Silty,30.6,6.9,66,26,20,0.81,Fine,Poor,56,Maize,2.0,Paddy
Clay,31.2,7.1,84,37,25,0.96,Fine,Moderate,59,Onion,2.1,Banana
Silty,35.7,6.2,82,30,76,1.66,Fine,Moderate,80,Onion,4.8,Sugarcane
Silty,31.4,6.7,62,39,15,2.26,Medium,Good,77,Coconut,4.3,Tomato
Loam,34.3,6.6,81,27,49,1.0,Medium,Moderate,62,Green Gram,3.5,Paddy
Silty,34.1,6.1,74,52,77,0.69,Coarse,Moderate,69,Coconut,3.9,Maize
Silty,30.5,6.4,95,38,67,2.42,Coarse,Good,86,Paddy,9.8,Tomato
Loam,36.4,6.1,76,22,59,2.21,Medium,Moderate,79,Sugarcane,5.9,Paddy
Sandy,20.7,6.3,73,32,18,1.19,Coarse,Moderate,67,Maize,7.8,Maize
Loam,34.8,6.4,68,59,27,2.03,Coarse,Moderate,84,Sugarcane,4.1,Maize
Loam,28.3,6.6,81,33,67,1.74,Medium,Good,81,Banana,5.4,Banana
Silty,32.6,7.0,67,18,70,2.14,Fine,Moderate,84,Tur Dal,8.5,Banana
Sandy,24.2,6.8,32,18,61,1.89,Medium,Moderate,74,Tomato,1.6,Groundnut
Silty,35.6,7.2,92,31,12,1.72,Medium,Good,72,Sugarcane,5.4,Banana
Silty,34.5,7.2,80,21,20,1.99,Fine,Moderate,78,Maize,4.6,Sugarcane
Clay,36.8,6.5,82,25,30,2.45,Medium,Poor,89,Sugarcane,0.7,Paddy
Loam,27.9,6.9,26,21,57,1.62,Coarse,Moderate,71,Tomato,6.0,Green Gram
Silty,33.8,6.1,69,59,64,0.94,Fine,Poor,73,Coconut,4.9,Paddy
Sandy,30.5,6.1,71,21,28,1.63,Coarse,Moderate,72,Tur Dal,7.5,Maize
Silty,30.7,6.6,81,17,45,1.49,Medium,Good,75,Groundnut,7.6,Onion
Loam,30.1,7.3,71,56,23,1.86,Fine,Moderate,81,Tur Dal,4.1,Banana
Loam,37.9,6.4,92,44,51,1.3,Medium,Moderate,70,Paddy,3.7,Sugarcane
Silty,31.9,6.6,89,39,30,1.65,Fine,Moderate,74,Banana,3.3,Banana
Silty,18.9,7.1,39,30,23,1.9,Coarse,Good,75,Groundnut,5.8,Groundnut
Silty,25.6,6.9,80,53,20,1.55,Medium,Moderate,71,Onion,1.2,Maize
Sandy,24.8,6.5,84,53,59,1.45,Medium,Moderate,75,Sugarcane,0.6,Onion
Sandy,33.2,6.8,95,40,27,0.74,Medium,Good,63,Onion,5.5,Tomato
Clay,38.3,7.4,89,38,36,2.28,Fine,Good,86,Groundnut,6.7,Sugarcane
Loam,34.5,6.6,78,58,64,2.12,Medium,Moderate,91,Sugarcane,6.5,Sugarcane
Loam,26.4,6.9,76,21,52,2.08,Coarse,Good,84,Banana,5.1,Tomato
Clay,28.7,6.7,85,18,21,0.85,Fine,Good,60,Green Gram,2.7,Banana
Loam,33.5,6.7,74,52,34,1.3,Fine,Poor,68,Maize,9.7,Paddy
Silty,22.5,6.7,71,33,65,0.9,Medium,Moderate,68,Maize,8.5,Onion
Silty,35.4,6.6,71,57,71,1.05,Fine,Poor,73,Coconut,6.2,Paddy
Loam,38.0,7.4,94,60,23,2.15,Fine,Moderate,75,Maize,2.1,Sugarcane
Loam,25.8,6.1,34,36,73,2.26,Fine,Moderate,81,Sugarcane,1.5,Tur Dal
Silty,30.8,6.9,63,25,56,0.51,Coarse,Good,63,Paddy,3.9,Coconut
Silty,35.5,6.9,88,35,14,0.52,Medium,Good,49,Tur Dal,3.6,Banana
Silty,37.6,7.1,74,16,80,0.86,Fine,Good,63,Groundnut,5.1,Banana
Loam,39.0,6.4,61,10,55,1.1,Medium,Moderate,61,Sugarcane,5.6,Paddy
Loam,30.2,6.8,68,40,78,0.52,Coarse,Good,67,Banana,3.3,Tomato
Silty,33.2,6.4,78,37,60,1.75,Medium,Good,83,Sugarcane,4.1,Tomato
Loam,33.0,6.6,79,60,28,0.78,Medium,Moderate,62,Paddy,9.4,Sugarcane
Loam,24.4,7.4,48,28,72,1.48,Medium,Good,75,Groundnut,3.9,Groundnut
Silty,35.4,7.1,100,42,12,0.74,Fine,Good,60,Tur Dal,9.6,Sugarcane
Silty,36.9,6.9,72,14,52,1.75,Medium,Moderate,75,Maize,7.3,Paddy
Loam,24.5,7.9,46,10,43,0.92,Fine,Good,61,Onion,2.9,Tur Dal
Silty,31.5,6.4,95,53,26,1.22,Medium,Good,63,Onion,5.4,Sugarcane
Clay,39.8,6.3,68,45,31,1.03,Fine,Moderate,69,Sugarcane,9.7,Paddy
Sandy,29.1,6.4,62,34,34,1.1,Medium,Good,66,Maize,6.5,Onion
Loam,25.7,6.2,49,54,57,1.42,Medium,Good,76,Groundnut,1.4,Tur Dal
Sandy,23.9,6.8,31,37,42,1.02,Medium,Good,64,Groundnut,4.0,Green Gram
Silty,29.9,6.1,23,34,26,2.01,Medium,Good,73,Maize,2.1,Groundnut
Loam,20.4,7.1,42,35,53,2.44,Medium,Moderate,87,Tur Dal,1.8,Green Gram
Silty,23.2,6.8,41,49,27,1.34,Medium,Moderate,73,Coconut,7.3,Green Gram
Clay,38.2,7.0,86,36,80,1.98,Fine,Good,83,Paddy,7.7,Sugarcane
Loam,31.6,6.0,77,44,41,0.83,Fine,Poor,63,Coconut,2.6,Paddy
Silty,23.8,6.2,75,35,68,1.63,Medium,Good,83,Green Gram,3.3,Maize
Silty,21.0,7.3,53,17,59,1.23,Fine,Good,67,Onion,4.0,Onion
Loam,24.4,7.0,35,47,30,1.79,Coarse,Good,75,Green Gram,0.9,Green Gram
Silty,26.2,5.8,48,14,73,2.19,Coarse,Good,84,Green Gram,4.2,Coconut
Loam,24.8,7.7,44,35,58,1.25,Medium,Moderate,69,Paddy,7.2,Tur Dal
Silty,33.4,5.9,70,56,43,2.44,Medium,Poor,92,Coconut,9.2,Paddy
Loam,36.5,7.4,72,41,60,1.1,Fine,Good,75,Tur Dal,9.9,Banana
Silty,25.9,5.8,64,29,69,1.85,Medium,Moderate,80,Coconut,4.1,Maize
Loam,18.1,6.5,25,59,61,1.21,Medium,Moderate,64,Groundnut,2.4,Green Gram
Silty,27.5,7.3,31,46,45,1.48,Coarse,Moderate,75,Coconut,3.2,Green Gram
Loam,27.5,6.8,71,56,72,1.42,Coarse,Good,80,Onion,2.1,Maize
Loam,33.0,6.3,55,53,63,1.25,Coarse,Good,70,Banana,8.2,Coconut
Loam,30.2,6.2,74,40,12,2.22,Medium,Good,79,Green Gram,3.3,Sugarcane
Clay,20.9,7.5,38,11,71,0.71,Medium,Good,55,Maize,1.6,Tur Dal
Loam,33.7,6.2,60,29,77,0.58,Coarse,Good,61,Tur Dal,3.6,Tomato
Clay,30.5,6.8,95,56,62,2.0,Medium,Moderate,92,Maize,1.5,Banana
Loam,20.0,7.3,20,44,38,0.77,Coarse,Good,56,Coconut,3.3,Green Gram
Silty,37.5,6.3,89,34,69,2.09,Fine,Good,88,Groundnut,1.5,Sugarcane
Loam,37.6,6.9,81,41,75,1.87,Fine,Moderate,85,Coconut,7.1,Banana
Loam,26.0,6.8,79,50,36,1.14,Medium,Good,65,Tomato,5.6,Tomato
Silty,21.5,6.6,35,59,65,1.54,Medium,Good,71,Paddy,7.1,Green Gram
Loam,38.3,6.6,99,52,23,2.38,Fine,Moderate,80,Maize,9.0,Paddy
Silty,27.7,6.9,23,26,32,1.39,Medium,Moderate,63,Paddy,4.9,Groundnut
Silty,27.3,6.8,43,36,75,0.78,Coarse,Good,59,Groundnut,8.4,Green Gram
Silty,33.9,6.2,71,45,62,0.63,Medium,Good,61,Green Gram,9.2,Sugarcane
Silty,28.5,6.6,75,50,42,2.26,Coarse,Good,90,Paddy,9.5,Tomato
Silty,28.7,6.1,81,28,68,1.7,Medium,Moderate,75,Banana,2.6,Onion
Sandy,24.6,7.4,71,24,27,0.81,Coarse,Moderate,59,Maize,5.3,Maize
Silty,37.6,7.0,83,23,38,2.29,Medium,Good,84,Green Gram,4.3,Banana
Clay,26.6,6.6,22,33,35,1.08,Fine,Moderate,65,Groundnut,2.8,Tur Dal
Silty,31.0,5.6,70,55,67,2.35,Coarse,Good,87,Coconut,6.4,Coconut
Clay,33.7,7.3,94,23,60,0.63,Medium,Moderate,58,Banana,1.5,Banana
Sandy,29.2,6.4,78,46,54,0.61,Medium,Good,62,Maize,1.0,Onion
Loam,34.3,7.0,74,14,32,2.35,Medium,Good,87,Groundnut,5.2,Tomato
Loam,30.2,5.7,41,24,24,0.61,Coarse,Good,53,Tomato,2.8,Coconut
Silty,26.5,7.0,81,23,27,1.66,Coarse,Good,75,Green Gram,8.7,Tomato
Loam,27.9,6.8,61,54,22,2.49,Medium,Good,88,Maize,1.4,Coconut
Silty,26.9,6.7,27,50,49,1.94,Coarse,Moderate,81,Banana,6.4,Groundnut
Clay,34.5,6.5,71,14,45,1.8,Medium,Good,72,Maize,8.9,Banana
Chalky,28.9,7.1,41,25,22,0.6,Fine,Good,57,Banana,2.0,Tur Dal
Loam,33.7,6.5,61,13,21,2.29,Medium,Good,80,Tomato,2.1,Coconut
Silty,33.5,7.2,90,29,20,0.57,Medium,Moderate,54,Tur Dal,5.4,Sugarcane
Loam,31.3,6.1,68,51,39,1.57,Medium,Moderate,78,Paddy,9.2,Maize
Chalky,17.1,6.6,34,32,70,0.7,Medium,Good,62,Banana,3.5,Tur Dal
Loam,30.5,5.7,67,32,69,1.33,Medium,Good,76,Sugarcane,0.6,Coconut
Loam,25.8,6.0,33,31,17,0.78,Medium,Good,58,Onion,9.3,Groundnut
Loam,36.3,6.8,91,25,46,2.49,Fine,Poor,90,Sugarcane,9.8,Paddy
Loam,26.2,6.9,68,40,54,1.34,Fine,Good,78,Paddy,3.3,Onion
Silty,21.3,7.1,34,59,55,1.72,Medium,Moderate,78,Tur Dal,5.1,Green Gram
Loam,29.4,6.0,46,27,59,1.1,Coarse,Moderate,72,Paddy,3.2,Groundnut
Loam,33.1,5.5,68,54,73,1.8,Medium,Good,82,Sugarcane,3.8,Coconut
Loam,17.1,7.0,26,25,10,0.53,Coarse,Moderate,48,Maize,8.4,Green Gram
Silty,24.5,6.8,34,33,74,0.52,Medium,Moderate,54,Groundnut,7.0,Green Gram
Sandy,25.7,6.2,87,44,40,0.85,Coarse,Good,66,Groundnut,8.4,Tomato
Silty,29.0,6.8,82,14,11,1.85,Medium,Good,69,Onion,2.2,Banana
Loam,17.4,6.8,28,33,33,1.5,Coarse,Moderate,67,Onion,4.0,Green Gram
Clay,29.7,7.5,75,28,48,1.47,Fine,Good,71,Paddy,7.5,Banana
Silty,25.6,7.1,42,46,71,2.04,Coarse,Moderate,84,Banana,7.0,Green Gram
Loam,33.5,6.1,75,23,31,1.29,Coarse,Good,65,Banana,5.7,Tomato
Sandy,25.3,7.0,55,35,61,1.89,Medium,Good,86,Tur Dal,1.1,Onion
Loam,29.8,7.9,24,33,79,1.87,Fine,Good,77,Maize,0.7,Tur Dal
Sandy,33.8,6.3,71,14,52,0.69,Medium,Good,59,Tomato,2.9,Maize
Silty,30.1,6.6,91,12,34,0.78,Fine,Good,61,Green Gram,9.6,Banana
Silty,31.3,6.7,77,44,38,0.51,Fine,Good,64,Banana,1.7,Onion
Loam,21.9,6.9,24,31,62,2.47,Medium,Good,88,Banana,1.9,Green Gram
Loam,20.9,7.1,36,10,77,1.97,Medium,Moderate,75,Sugarcane,8.5,Green Gram
Loam,29.8,6.4,89,59,54,1.71,Medium,Good,77,Maize,4.4,Tomato
Loam,34.3,7.5,78,41,56,1.53,Fine,Good,74,Green Gram,0.9,Sugarcane
Silty,27.2,6.1,85,24,65,1.08,Coarse,Good,65,Tur Dal,3.7,Tomato
Silty,31.2,6.6,74,53,13,1.22,Medium,Good,65,Banana,1.8,Tomato
Silty,25.9,7.3,21,18,58,2.24,Coarse,Good,77,Green Gram,3.0,Groundnut
Loam,21.7,6.4,78,21,14,1.69,Fine,Good,73,Groundnut,9.5,Onion
Sandy,22.5,6.4,78,49,65,1.05,Medium,Good,78,Paddy,1.2,Maize
Loam,34.4,6.6,77,15,45,2.26,Medium,Poor,78,Banana,5.9,Paddy
Sandy,19.3,6.3,30,34,14,1.81,Medium,Good,69,Maize,9.6,Groundnut
Silty,22.8,7.2,31,16,38,0.5,Coarse,Good,53,Tomato,5.7,Green Gram
Silty,31.1,6.6,75,57,23,1.85,Fine,Poor,79,Maize,6.1,Paddy
Loam,27.7,5.7,60,22,47,0.88,Medium,Good,59,Tomato,5.5,Coconut
Loam,30.9,6.5,95,21,49,2.41,Medium,Good,81,Maize,7.0,Tomato
Loam,23.0,6.6,85,16,40,0.98,Coarse,Moderate,64,Coconut,2.6,Maize
Silty,23.4,7.5,58,11,56,1.61,Medium,Good,69,Coconut,1.7,Maize
Sandy,29.2,5.7,60,52,53,2.19,Medium,Moderate,87,Paddy,1.3,Maize
Loam,36.2,7.5,81,15,26,0.77,Medium,Good,55,Paddy,7.1,Sugarcane
Loam,28.3,5.8,41,11,15,0.71,Medium,Good,54,Coconut,8.9,Coconut
Loam,30.3,6.1,88,33,22,2.46,Medium,Poor,83,Onion,1.1,Paddy
Loam,20.2,7.1,28,18,39,1.76,Medium,Moderate,70,Groundnut,6.7,Groundnut
Loam,15.7,7.3,46,17,30,1.38,Fine,Moderate,63,Sugarcane,2.4,Tur Dal
Sandy,27.3,5.8,41,19,64,0.54,Medium,Good,53,Paddy,4.1,Coconut
Clay,37.6,5.7,87,19,37,2.41,Medium,Moderate,83,Maize,4.1,Paddy
Sandy,24.3,7.5,84,42,69,1.05,Coarse,Moderate,75,Onion,2.0,Maize
Clay,25.1,6.3,29,52,29,1.93,Medium,Good,80,Maize,4.8,Tur Dal
Silty,33.0,6.3,64,35,62,0.98,Coarse,Good,66,Tur Dal,9.8,Tomato
Clay,36.3,6.9,72,34,50,2.28,Fine,Moderate,89,Tur Dal,1.1,Sugarcane
Clay,38.6,6.3,90,37,78,0.88,Fine,Moderate,66,Banana,1.9,Sugarcane
Sandy,34.2,6.3,54,22,18,1.06,Coarse,Good,59,Tomato,9.5,Coconut
Silty,29.9,7.5,95,50,56,2.25,Medium,Good,94,Onion,6.9,Banana
Loam,28.5,5.7,69,26,19,2.08,Medium,Good,82,Tur Dal,7.9,Coconut
Clay,29.1,6.3,48,13,22,1.16,Fine,Moderate,68,Sugarcane,7.1,Tur Dal
Loam,33.2,7.1,93,13,46,1.15,Fine,Moderate,59,Maize,5.7,Sugarcane
Loam,22.0,6.6,40,28,13,0.82,Medium,Moderate,53,Tur Dal,9.2,Groundnut
Silty,32.4,7.4,46,43,75,2.02,Coarse,Good,79,Onion,1.6,Coconut
Clay,28.1,6.7,91,54,78,2.0,Fine,Moderate,87,Coconut,7.0,Banana
Silty,31.3,6.4,84,43,35,1.23,Fine,Good,66,Tur Dal,7.6,Onion
Loam,28.4,6.2,48,20,77,1.47,Medium,Moderate,73,Coconut,4.5,Groundnut
Sandy,24.8,6.6,36,44,14,1.5,Coarse,Moderate,67,Tur Dal,4.8,Green Gram
Clay,29.0,6.8,83,48,22,2.29,Medium,Moderate,79,Sugarcane,2.2,Banana
Silty,34.5,7.3,80,34,39,2.3,Fine,Good,85,Paddy,9.6,Sugarcane
Silty,36.4,6.9,95,35,35,1.76,Fine,Moderate,75,Maize,1.6,Sugarcane
Sandy,29.7,7.0,56,25,20,1.62,Fine,Moderate,66,Sugarcane,9.5,Onion
Silty,31.9,7.4,48,24,51,1.04,Coarse,Good,66,Sugarcane,2.0,Coconut
Sandy,27.5,6.0,55,11,50,2.36,Coarse,Moderate,84,Onion,8.0,Maize
Silty,20.8,6.1,69,46,74,0.93,Coarse,Moderate,71,Green Gram,8.5,Maize
Loam,29.1,7.0,83,22,47,1.82,Fine,Moderate,77,Tomato,5.7,Onion
Loam,24.6,7.6,27,60,55,1.46,Medium,Good,72,Onion,9.2,Tur Dal
Sandy,26.7,7.3,74,53,79,0.77,Coarse,Moderate,72,Maize,2.2,Maize
Loam,19.6,6.8,35,51,79,1.28,Fine,Moderate,67,Sugarcane,4.0,Tur Dal
Loam,20.0,6.9,34,50,33,0.87,Medium,Good,63,Sugarcane,0.8,Tur Dal
Loam,33.0,6.6,83,22,17,2.0,Fine,Good,79,Green Gram,3.0,Banana
Sandy,32.7,6.2,67,45,13,1.72,Medium,Good,73,Tomato,0.8,Maize
Loam,23.2,6.2,53,48,70,1.07,Coarse,Good,64,Maize,4.6,Maize
Loam,31.2,7.1,76,57,73,1.26,Medium,Good,75,Green Gram,6.2,Sugarcane
Loam,38.7,7.0,64,31,60,1.8,Medium,Moderate,83,Coconut,4.1,Paddy
Clay,16.5,6.2,33,16,13,0.68,Fine,Good,56,Groundnut,6.2,Tur Dal
Silty,34.5,6.2,96,34,32,2.18,Medium,Good,86,Paddy,1.7,Sugarcane
Clay,37.5,7.4,81,17,25,1.24,Fine,Good,64,Coconut,2.0,Sugarcane
Loam,22.6,7.3,76,20,64,1.96,Fine,Moderate,77,Groundnut,6.2,Onion
Loam,24.1,6.9,75,37,73,1.06,Medium,Good,72,Groundnut,6.1,Onion
Loam,24.6,6.8,38,52,26,0.97,Medium,Good,61,Onion,9.3,Tur Dal
Sandy,21.9,6.6,46,51,64,2.25,Medium,Good,81,Onion,6.3,Groundnut
Sandy,35.0,6.5,62,58,28,0.61,Coarse,Good,61,Maize,5.7,Tomato
Silty,34.8,7.3,82,47,26,1.02,Medium,Moderate,66,Tur Dal,6.7,Banana
Sandy,27.2,6.4,29,12,51,1.88,Medium,Good,75,Paddy,3.0,Groundnut
Sandy,18.7,7.4,33,10,10,1.66,Coarse,Good,66,Paddy,4.1,Green Gram
Sandy,20.0,7.1,25,29,47,1.41,Medium,Good,68,Coconut,3.7,Green Gram
Silty,35.8,6.8,69,57,60,1.9,Medium,Good,79,Tur Dal,8.3,Banana
Silty,21.5,7.3,78,35,42,1.1,Fine,Good,73,Green Gram,3.3,Onion
Sandy,30.7,6.0,85,35,74,1.37,Coarse,Good,76,Tur Dal,5.1,Tomato
Sandy,32.5,7.3,70,52,25,1.54,Medium,Good,69,Banana,6.8,Coconut
Silty,22.0,6.3,50,34,55,0.64,Medium,Moderate,65,Tomato,1.2,Groundnut
Silty,34.9,6.5,41,29,11,2.46,Medium,Good,84,Sugarcane,5.3,Coconut
Chalky,21.0,6.7,28,60,76,2.06,Fine,Moderate,75,Tur Dal,1.9,Tur Dal
Clay,26.8,7.2,44,38,19,2.1,Medium,Moderate,74,Paddy,3.5,Tur Dal
Loam,20.1,6.5,73,52,72,0.53,Medium,Good,65,Sugarcane,0.6,Maize
Loam,27.6,7.4,22,31,60,0.58,Coarse,Moderate,53,Tomato,6.8,Groundnut
Silty,37.6,6.5,79,38,76,1.4,Medium,Moderate,73,Maize,3.7,Paddy
Clay,30.9,6.6,94,50,41,0.8,Medium,Good,67,Sugarcane,8.0,Sugarcane
Silty,15.8,7.2,21,42,23,1.08,Medium,Moderate,64,Groundnut,1.3,Green Gram
Loam,26.6,6.5,45,20,27,2.07,Fine,Good,83,Paddy,5.9,Tur Dal
Silty,29.9,6.5,20,33,36,1.99,Coarse,Moderate,73,Sugarcane,6.6,Groundnut
Sandy,23.5,7.3,62,53,57,0.86,Medium,Moderate,72,Banana,6.9,Onion
Clay,34.5,6.9,70,25,78,2.19,Medium,Good,81,Tomato,3.2,Sugarcane
Silty,22.5,7.5,31,16,46,1.74,Medium,Good,77,Onion,5.1,Green Gram
Clay,40.0,6.5,77,40,76,1.8,Fine,Poor,86,Tur Dal,10.0,Paddy
Silty,33.4,5.8,89,35,48,1.69,Coarse,Moderate,79,Coconut,5.6,Maize
Loam,35.8,7.0,72,18,51,2.45,Fine,Good,84,Green Gram,7.3,Sugarcane
Loam,34.4,6.8,75,29,53,1.58,Medium,Good,71,Paddy,5.0,Tomato
Loam,39.9,7.2,94,19,75,1.71,Fine,Good,70,Paddy,9.3,Sugarcane
Clay,31.2,6.6,98,38,66,1.09,Fine,Moderate,72,Sugarcane,3.4,Paddy
Silty,28.0,6.0,33,40,18,2.49,Coarse,Good,79,Green Gram,2.4,Groundnut
Sandy,27.8,7.2,25,58,55,1.62,Coarse,Good,72,Sugarcane,6.9,Green Gram
Loam,31.9,6.3,64,42,80,1.15,Coarse,Good,67,Onion,3.7,Tomato
Sandy,31.6,7.1,59,54,24,1.96,Fine,Moderate,81,Tur Dal,6.9,Onion
Clay,39.9,6.3,71,18,11,1.22,Fine,Poor,66,Groundnut,3.6,Paddy
