State,District,Market,Commodity,Variety,Arrival_Date,Modal_x0020_Price
Andhra Pradesh,Chittor,Kalikiri,Tomato,Hybrid,2025-06-11,1700.0
Andhra Pradesh,Chittor,Mulakalacheruvu,Tomato,Local,2025-06-11,2000.0
Andhra Pradesh,Chittor,Punganur,Tomato,Hybrid,2025-06-11,1600.0
Andhra Pradesh,Chittor,Tirupati,Banana,Bhushavali(Pacha),2025-06-11,8500.0
Chandigarh,Chandigarh,Chandigarh(Grain/Fruit),Onion,Other,2025-06-11,1100.0
Chandigarh,Chandigarh,Chandigarh(Grain/Fruit),Tomato,Other,2025-06-11,1600.0
Gujarat,Amreli,Damnagar,Tomato,Local,2025-06-11,4200.0
Gujarat,Bharuch,Bharuch,Onion,Other,2025-06-11,1300.0
Gujarat,Bharuch,Bharuch,Tomato,Other,2025-06-11,1500.0
Gujarat,Bharuch,Jambusar,Maize,Other,2025-06-11,2200.0
Gujarat,Bharuch,Jambusar(Kaavi),Maize,Other,2025-06-11,2100.0
Gujarat,Chhota Udaipur,Bodeliu,Maize,Deshi Red,2025-06-11,2140.0
Gujarat,Gandhinagar,Mansa(Manas Veg Yard),Tomato,Other,2025-06-11,1000.0
Gujarat,Rajkot,Dhoraji,Groundnut,Local,2025-06-11,5255.0
Gujarat,Sabarkantha,Modasa,Groundnut,Local,2025-06-11,6570.0
Gujarat,Sabarkantha,Modasa,Maize,Hybrid Red (Cattle Feed),2025-06-11,2255.0
Gujarat,Sabarkantha,Modasa(Tintoi),Groundnut,Local,2025-06-11,6475.0
Gujarat,Sabarkantha,Modasa(Tintoi),Maize,Hybrid Red (Cattle Feed),2025-06-11,2150.0
Gujarat,Surat,Surat,Onion,Other,2025-06-11,1475.0
Gujarat,Surat,Surat,Tomato,Other,2025-06-11,1750.0
Haryana,Ambala,Ambala Cantt.,Banana,Other,2025-06-11,2200.0
Haryana,Gurgaon,Gurgaon,Banana,Other,2025-06-11,2500.0
Haryana,Gurgaon,Gurgaon,Onion,Other,2025-06-11,1250.0
Haryana,Gurgaon,Gurgaon,Tomato,Other,2025-06-11,1500.0
Haryana,Gurgaon,Pataudi,Onion,Other,2025-06-11,1200.0
Haryana,Gurgaon,Pataudi,Tomato,Other,2025-06-11,2800.0
Haryana,Hissar,Barwala(Hisar),Banana,Other,2025-06-11,4000.0
Haryana,Hissar,Barwala(Hisar),Onion,Other,2025-06-11,1700.0
Haryana,Hissar,Barwala(Hisar),Tomato,Other,2025-06-11,2100.0
Haryana,Hissar,Uklana,Onion,Onion,2025-06-11,1400.0
Haryana,Hissar,Uklana,Tomato,Other,2025-06-11,1800.0
Haryana,Kurukshetra,Pehowa,Tomato,Other,2025-06-11,1600.0
Haryana,Mewat,FerozpurZirkha(Nagina),Onion,Other,2025-06-11,1600.0
Haryana,Mewat,FerozpurZirkha(Nagina),Tomato,Other,2025-06-11,2200.0
Haryana,Mewat,Punhana,Onion,Other,2025-06-11,1200.0
Haryana,Mewat,Punhana,Tomato,Other,2025-06-11,2000.0
Haryana,Panchkula,Barwala,Onion,Onion,2025-06-11,1300.0
Haryana,Panchkula,Barwala,Tomato,Other,2025-06-11,2250.0
Haryana,Panipat,Panipat,Banana,Other,2025-06-11,2200.0
Haryana,Panipat,Panipat,Onion,Other,2025-06-11,1000.0
Haryana,Panipat,Panipat,Tomato,Other,2025-06-11,1750.0
Haryana,Rewari,Kosli,Banana,Other,2025-06-11,2000.0
Haryana,Rewari,Kosli,Onion,Other,2025-06-11,1200.0
Haryana,Rewari,Kosli,Tomato,Other,2025-06-11,2500.0
Haryana,Rohtak,Meham,Banana,Other,2025-06-11,1500.0
Haryana,Rohtak,Meham,Onion,Other,2025-06-11,1500.0
Haryana,Rohtak,Meham,Tomato,Deshi,2025-06-11,1500.0
Haryana,Sonipat,Gohana,Onion,Other,2025-06-11,1600.0
Haryana,Sonipat,Gohana,Tomato,Tomato,2025-06-11,2500.0
Himachal Pradesh,Kangra,Dharamshala,Banana,Other,2025-06-11,4300.0
Himachal Pradesh,Kangra,Dharamshala,Onion,Other,2025-06-11,2250.0
Himachal Pradesh,Kangra,Dharamshala,Tomato,Other,2025-06-11,2900.0
Himachal Pradesh,Kangra,Kangra(Baijnath),Banana,Banana - Ripe,2025-06-11,3500.0
Himachal Pradesh,Kangra,Kangra(Baijnath),Onion,Onion,2025-06-11,2100.0
Himachal Pradesh,Kangra,Kangra(Baijnath),Tomato,Tomato,2025-06-11,2900.0
Himachal Pradesh,Kangra,Kangra(Jaisinghpur),Banana,Banana - Ripe,2025-06-11,4000.0
Himachal Pradesh,Kangra,Kangra(Jaisinghpur),Onion,1st Sort,2025-06-11,2450.0
Himachal Pradesh,Kangra,Kangra(Jaisinghpur),Tomato,Tomato,2025-06-11,3100.0
Himachal Pradesh,Shimla,Rohroo,Onion,1st Sort,2025-06-11,2100.0
Himachal Pradesh,Shimla,Rohroo,Tomato,Deshi,2025-06-11,1900.0
Himachal Pradesh,Solan,Solan(Nalagarh),Banana,Other,2025-06-11,2800.0
Himachal Pradesh,Solan,Solan(Nalagarh),Onion,Other,2025-06-11,1700.0
Himachal Pradesh,Solan,Solan(Nalagarh),Tomato,Other,2025-06-11,1800.0
Himachal Pradesh,Solan,Waknaghat,Tomato,Deshi,2025-06-11,1400.0
Himachal Pradesh,Una,Santoshgarh,Banana,Other,2025-06-11,2400.0
Himachal Pradesh,Una,Santoshgarh,Onion,Onion,2025-06-11,1600.0
Himachal Pradesh,Una,Santoshgarh,Tomato,Tomato,2025-06-11,2350.0
Jammu and Kashmir,Jammu,Batote,Banana,Other,2025-06-11,4700.0
Jammu and Kashmir,Jammu,Batote,Onion,Other,2025-06-11,2500.0
Jammu and Kashmir,Jammu,Batote,Tomato,Other,2025-06-11,2400.0
Jammu and Kashmir,Kathua,Kathua,Banana,Other,2025-06-11,3250.0
Jammu and Kashmir,Kathua,Kathua,Onion,Other,2025-06-11,2100.0
Jammu and Kashmir,Kathua,Kathua,Tomato,Other,2025-06-11,2300.0
Jammu and Kashmir,Udhampur,Udhampur,Banana,Banana - Ripe,2025-06-11,4400.0
Jammu and Kashmir,Udhampur,Udhampur,Onion,Other,2025-06-11,2000.0
Jammu and Kashmir,Udhampur,Udhampur,Tomato,Other,2025-06-11,2250.0
Karnataka,Bangalore,Ramanagara,Tomato,Tomato,2025-06-11,2000.0
Karnataka,Chamrajnagar,Chamaraj Nagar,Coconut,Grade-I,2025-06-11,25900.0
Karnataka,Chamrajnagar,Chamaraj Nagar,Tomato,Tomato,2025-06-11,2300.0
Karnataka,Chamrajnagar,Gundlupet,Maize,Local,2025-06-11,1900.0
Karnataka,Dharwad,Kalagategi,Maize,Local,2025-06-11,1800.0
Karnataka,Mangalore(Dakshin Kannad),Sulya,Coconut,Grade-I,2025-06-11,3100.0
Karnataka,Mysore,Piriya Pattana,Maize,Hybrid/Local,2025-06-11,1500.0
Kerala,Alappuzha,Chengannur,Coconut,Big,2025-06-11,7400.0
Kerala,Alappuzha,Chengannur,Onion,Onion,2025-06-11,2200.0
Kerala,Alappuzha,Chengannur,Onion,Small,2025-06-11,5800.0
Kerala,Alappuzha,Chengannur,Tomato,Tomato,2025-06-11,3800.0
Kerala,Alappuzha,Harippad,Banana,Nendra Bale,2025-06-11,4500.0
Kerala,Alappuzha,Harippad,Onion,Big,2025-06-11,2200.0
Kerala,Alappuzha,Harippad,Onion,Other,2025-06-11,6000.0
Kerala,Ernakulam,Aluva,Banana,Palayamthodan,2025-06-11,2100.0
Kerala,Ernakulam,Aluva,Onion,Big,2025-06-11,2500.0
Kerala,Ernakulam,Aluva,Tomato,Tomato,2025-06-11,3300.0
Kerala,Ernakulam,Angamaly,Onion,Big,2025-06-11,3000.0
Kerala,Ernakulam,Angamaly,Tomato,Other,2025-06-11,4000.0
Kerala,Ernakulam,Broadway market,Onion,1st Sort,2025-06-11,2200.0
Kerala,Ernakulam,Broadway market,Tomato,Deshi,2025-06-11,3400.0
Kerala,Ernakulam,Ernakulam,Banana,Nendra Bale,2025-06-11,4000.0
Kerala,Ernakulam,Ernakulam,Banana,Palayamthodan,2025-06-11,2100.0
Kerala,Ernakulam,Ernakulam,Tomato,Tomato,2025-06-11,3000.0
Kerala,Ernakulam,Kadungallur  VFPCK,Banana,Nendra Bale,2025-06-11,4400.0
Kerala,Ernakulam,Kunnukara  VFPCK,Banana,Nendra Bale,2025-06-11,4600.0
Kerala,Ernakulam,POTHANIKKADU VFPCK,Banana,Nendra Bale,2025-06-11,3600.0
Kerala,Ernakulam,POTHANIKKADU VFPCK,Banana,Robusta,2025-06-11,1000.0
Kerala,Ernakulam,Perumbavoor,Banana,Palayamthodan,2025-06-11,2800.0
Kerala,Ernakulam,Perumbavoor,Onion,Onion,2025-06-11,2800.0
Kerala,Ernakulam,Perumbavoor,Tomato,Tomato,2025-06-11,3800.0
Kerala,Ernakulam,Piravam,Onion,Big,2025-06-11,4000.0
Kerala,Ernakulam,Piravam,Tomato,Other,2025-06-11,4500.0
Kerala,Ernakulam,Thrippunithura,Banana,Palayamthodan,2025-06-11,3400.0
Kerala,Ernakulam,Thrippunithura,Banana,Poovan,2025-06-11,5200.0
Kerala,Ernakulam,Thrippunithura,Onion,Big,2025-06-11,2600.0
Kerala,Ernakulam,Thrippunithura,Tomato,Tomato,2025-06-11,4500.0
Kerala,Idukki,ERRATTAYAR VFPCK,Banana,Nendra Bale,2025-06-11,3800.0
Kerala,Idukki,KANNAKUNNU VFPCK,Banana,Nendra Bale,2025-06-11,3400.0
Kerala,Idukki,Kamakshi VFPCK,Banana,Nendra Bale,2025-06-11,3200.0
Kerala,Idukki,Kodikulam  VFPCK,Banana,Nendra Bale,2025-06-11,2700.0
Kerala,Idukki,MELECHINNAR VFPCK,Banana,Nendra Bale,2025-06-11,3400.0
Kerala,Idukki,PARATHODE VFPCK,Banana,Nendra Bale,2025-06-11,3300.0
Kerala,Idukki,Pazhayarikandam  VFPCK,Banana,Nendra Bale,2025-06-11,3000.0
Kerala,Idukki,Rajakkad  VFPCK,Banana,Nendra Bale,2025-06-11,3300.0
Kerala,Idukki,Thompramkudi VFPCK,Banana,Nendra Bale,2025-06-11,3100.0
Kerala,Kannur,MANGATTIDOM VFPCK,Banana,Nendra Bale,2025-06-11,5400.0
Kerala,Kannur,Payyannur,Banana,Other,2025-06-11,3100.0
Kerala,Kannur,Taliparamba,Banana,Other,2025-06-11,4800.0
Kerala,Kannur,Taliparamba,Onion,Onion,2025-06-11,2700.0
Kerala,Kannur,Taliparamba,Tomato,Tomato,2025-06-11,2200.0
Kerala,Kannur,Thalasserry,Banana,Other,2025-06-11,4400.0
Kerala,Kannur,Thalasserry,Onion,1st Sort,2025-06-11,2200.0
Kerala,Kannur,Thalasserry,Tomato,Other,2025-06-11,2600.0
Kerala,Kasargod,Kasargod,Banana,Medium,2025-06-11,6100.0
Kerala,Kasargod,Kasargod,Banana,Nendra Bale,2025-06-11,4100.0
Kerala,Kottayam,AYMANAM VFPCK,Banana,Nendra Bale,2025-06-11,4000.0
Kerala,Kottayam,AYMANAM VFPCK,Banana,Palayamthodan,2025-06-11,1500.0
Kerala,Kottayam,AYMANAM VFPCK,Banana,Robusta,2025-06-11,1600.0
Kerala,Kottayam,Athirampuzha,Banana,Banana - Ripe,2025-06-11,3500.0
Kerala,Kottayam,Athirampuzha,Banana,Poovan,2025-06-11,4900.0
Kerala,Kottayam,Athirampuzha,Banana,Robusta,2025-06-11,2100.0
Kerala,Kottayam,Athirampuzha,Coconut,Other,2025-06-11,7900.0
Kerala,Kottayam,Athirampuzha,Onion,Big,2025-06-11,2400.0
Kerala,Kottayam,Athirampuzha,Onion,Onion,2025-06-11,6500.0
Kerala,Kottayam,Athirampuzha,Tomato,Tomato,2025-06-11,3300.0
Kerala,Kottayam,Kuruppanthura,Banana,Palayamthodan,2025-06-11,3000.0
Kerala,Kottayam,Kuruppanthura,Banana,Poovan,2025-06-11,2500.0
Kerala,Kottayam,Kuruppanthura,Coconut,Medium,2025-06-11,8500.0
Kerala,Kottayam,Kuruppanthura,Onion,Big,2025-06-11,3000.0
Kerala,Kottayam,Kuruppanthura,Onion,Onion,2025-06-11,6500.0
Kerala,Kottayam,Pampady,Banana,Medium,2025-06-11,7000.0
Kerala,Kottayam,Pampady,Banana,Palayamthodan,2025-06-11,3000.0
Kerala,Kottayam,Pampady,Coconut,Coconut,2025-06-11,7800.0
Kerala,Kottayam,Pampady,Onion,Big,2025-06-11,4500.0
Kerala,Kozhikode(Calicut),Kallachi,Banana,Nendra Bale,2025-06-11,4000.0
Kerala,Kozhikode(Calicut),Kallachi,Banana,Palayamthodan,2025-06-11,3200.0
Kerala,Kozhikode(Calicut),Kallachi,Banana,Rasakathai,2025-06-11,4000.0
Kerala,Kozhikode(Calicut),Kallachi,Onion,Other,2025-06-11,2400.0
Kerala,Kozhikode(Calicut),Kallachi,Tomato,Tomato,2025-06-11,2800.0
Kerala,Kozhikode(Calicut),Mukkom,Banana,Other,2025-06-11,4100.0
Kerala,Kozhikode(Calicut),Mukkom,Onion,Onion,2025-06-11,2500.0
Kerala,Kozhikode(Calicut),Mukkom,Tomato,Tomato,2025-06-11,2500.0
Kerala,Kozhikode(Calicut),Palayam,Onion,Other,2025-06-11,2200.0
Kerala,Kozhikode(Calicut),Palayam,Tomato,Other,2025-06-11,2142.0
Kerala,Kozhikode(Calicut),Vengeri(Kozhikode),Tomato,Tomato,2025-06-11,2900.0
Kerala,Malappuram,Othayi  VFPCK,Banana,Nendra Bale,2025-06-11,2133.3333333333335
Kerala,Malappuram,VAZHAYUR VFPCK,Banana,Nendra Bale,2025-06-11,2500.0
Kerala,Palakad,AGALI VFPCK,Banana,Nendra Bale,2025-06-11,2800.0
Kerala,Palakad,Alenellur  VFPCK,Banana,Nendra Bale,2025-06-11,3400.0
Kerala,Palakad,vadakarapathy,Onion,Small,2025-06-11,2900.0
Kerala,Palakad,vadakarapathy,Tomato,Other,2025-06-11,2000.0
Kerala,Pathanamthitta,Kuttoor,Banana,Nendra Bale,2025-06-11,6800.0
Kerala,Pathanamthitta,Kuttoor,Banana,Other,2025-06-11,4300.0
Kerala,Pathanamthitta,Kuttoor,Banana,Palayamthodan,2025-06-11,3300.0
Kerala,Pathanamthitta,Mallappally  VFPCK,Banana,Nendra Bale,2025-06-11,4000.0
Kerala,Pathanamthitta,Mezhuveli  VFPCK,Banana,Palayamthodan,2025-06-11,800.0
Kerala,Pathanamthitta,Mezhuveli  VFPCK,Banana,Rasakathai,2025-06-11,2800.0
Kerala,Thirssur,CHAZHUR VFPCK,Banana,Nendra Bale,2025-06-11,3500.0
Kerala,Thirssur,CHAZHUR VFPCK,Banana,Palayamthodan,2025-06-11,1800.0
Kerala,Thirssur,CHAZHUR VFPCK,Banana,Poovan,2025-06-11,3600.0
Kerala,Thirssur,CHAZHUR VFPCK,Banana,Robusta,2025-06-11,1400.0
Kerala,Thirssur,Marottichal  VFPCK,Banana,Nendra Bale,2025-06-11,3210.0
Kerala,Thirssur,Marottichal  VFPCK,Banana,Palayamthodan,2025-06-11,1500.0
Kerala,Thirssur,Marottichal  VFPCK,Banana,Poovan,2025-06-11,3170.0
Kerala,Thirssur,Marottichal  VFPCK,Banana,Robusta,2025-06-11,1500.0
Kerala,Thiruvananthapuram,Kovilnada  VFPCK,Banana,Nendra Bale,2025-06-11,4900.0
Kerala,Thiruvananthapuram,Kovilnada  VFPCK,Banana,Palayamthodan,2025-06-11,2900.0
Kerala,Thiruvananthapuram,Kovilnada  VFPCK,Banana,Rasakathai,2025-06-11,5400.0
Kerala,Thiruvananthapuram,Neyyatinkara,Tomato,Tomato,2025-06-11,4600.0
Kerala,Thiruvananthapuram,Parassala,Banana,Nendra Bale,2025-06-11,5500.0
Kerala,Thiruvananthapuram,Parassala,Banana,Palayamthodan,2025-06-11,2500.0
Kerala,Thiruvananthapuram,Parassala,Banana,Rasakathai,2025-06-11,6000.0
Kerala,Thiruvananthapuram,Parassala,Banana,Red Banana,2025-06-11,6500.0
Kerala,Wayanad,Sultan bathery,Coconut,Other,2025-06-11,8000.0
Madhya Pradesh,Alirajpur,Alirajpur,Maize,Local,2025-06-11,2000.0
Madhya Pradesh,Alirajpur,Jobat,Maize,Local,2025-06-11,1750.0
Madhya Pradesh,Alirajpur,Jobat,Maize,Yellow,2025-06-11,1600.0
Madhya Pradesh,Badwani,Anjad,Maize,Local,2025-06-11,1500.0
Madhya Pradesh,Badwani,Anjad,Maize,Yellow,2025-06-11,1800.0
Madhya Pradesh,Badwani,Badwani,Maize,Yellow,2025-06-11,1700.0
Madhya Pradesh,Badwani,Khetia,Maize,Local,2025-06-11,1325.0
Madhya Pradesh,Badwani,Khetia,Maize,Yellow,2025-06-11,1400.0
Madhya Pradesh,Badwani,Sendhwa,Maize,Local,2025-06-11,1210.0
Madhya Pradesh,Badwani,Sendhwa,Maize,Yellow,2025-06-11,1325.0
Madhya Pradesh,Badwani,Sendhwa(F&V),Onion,Red,2025-06-11,800.0
Madhya Pradesh,Badwani,Sendhwa(F&V),Tomato,Hybrid,2025-06-11,1300.0
Madhya Pradesh,Chhindwara,Chhindwara,Maize,Yellow,2025-06-11,1930.0
Madhya Pradesh,Damoh,Damoh,Maize,Local,2025-06-11,1700.0
Madhya Pradesh,Damoh,Javera,Maize,Local,2025-06-11,1700.0
Madhya Pradesh,Damoh,Javera,Maize,Maize/Corn-Organic,2025-06-11,1590.0
Madhya Pradesh,Dewas,Loharda,Maize,Local,2025-06-11,1425.0
Madhya Pradesh,Dhar,Badnawar,Onion,Onion,2025-06-11,500.0
Madhya Pradesh,Dhar,Gandhwani,Maize,Local,2025-06-11,1751.0
Madhya Pradesh,Dhar,Kukshi,Maize,Local,2025-06-11,1650.0
Madhya Pradesh,Dhar,Manawar,Maize,Local,2025-06-11,1750.0
Madhya Pradesh,Guna,Kumbhraj,Maize,Local,2025-06-11,1600.0
Madhya Pradesh,Guna,Kumbhraj,Maize,Maize/Corn-Organic,2025-06-11,1824.0
Madhya Pradesh,Jabalpur,Jabalpur,Maize,Local,2025-06-11,1650.0
Madhya Pradesh,Khandwa,Harsood,Maize,Local,2025-06-11,1350.0
Madhya Pradesh,Khandwa,Harsood,Maize,Yellow,2025-06-11,1400.0
Madhya Pradesh,Khandwa,Khandwa,Maize,Local,2025-06-11,1560.0
Madhya Pradesh,Khandwa,Pandhana,Maize,Yellow,2025-06-11,1400.0
Madhya Pradesh,Khargone,Bhikangaon,Maize,Local,2025-06-11,1600.0
Madhya Pradesh,Khargone,Khargone,Maize,Local,2025-06-11,1200.0
Madhya Pradesh,Khargone,Sanawad,Maize,Local,2025-06-11,2400.0
Madhya Pradesh,Khargone,Segaon,Maize,Local,2025-06-11,1950.0
Madhya Pradesh,Mandla,Nainpur,Maize,Yellow,2025-06-11,1775.0
Madhya Pradesh,Mandsaur,Shamgarh,Maize,Local,2025-06-11,1550.0
Madhya Pradesh,Morena,Morena,Tomato,Tomato,2025-06-11,1500.0
Madhya Pradesh,Narsinghpur,Narsinghpur,Maize,Yellow,2025-06-11,1715.0
Madhya Pradesh,Sagar,Sagar,Maize,Local,2025-06-11,1880.0
Madhya Pradesh,Sehore,Ichhawar,Maize,Local,2025-06-11,1325.0
Madhya Pradesh,Seoni,Chhpara,Maize,Local,2025-06-11,1850.0
Madhya Pradesh,Seoni,Keolari,Maize,Yellow,2025-06-11,1750.0
Madhya Pradesh,Seoni,Palari,Maize,Maize/Corn-Organic,2025-06-11,1805.0
Madhya Pradesh,Seoni,Seoni,Maize,Local,2025-06-11,1751.0
Madhya Pradesh,Shivpuri,Karera,Groundnut,Big (With Shell),2025-06-11,4500.0
Madhya Pradesh,Ujjain,Badnagar,Onion,Onion,2025-06-11,700.0
Maharashtra,Jalgaon,Jalgaon(Masawat),Maize,Deshi Red,2025-06-11,1230.0
Maharashtra,Nagpur,Kalmeshwar,Tomato,Other,2025-06-11,1815.0
Maharashtra,Pune,Khed(Chakan),Onion,Other,2025-06-11,1200.0
Maharashtra,Pune,Khed(Chakan),Tomato,Other,2025-06-11,1700.0
Maharashtra,Pune,Pune(Moshi),Banana,Other,2025-06-11,4250.0
Maharashtra,Pune,Pune(Moshi),Onion,Local,2025-06-11,950.0
Maharashtra,Pune,Pune(Moshi),Tomato,Local,2025-06-11,900.0
Maharashtra,Pune,Pune(Pimpri),Onion,Local,2025-06-11,1250.0
Maharashtra,Pune,Pune(Pimpri),Tomato,Local,2025-06-11,1250.0
Maharashtra,Ratnagiri,Ratnagiri (Nachane),Tomato,Other,2025-06-11,1200.0
Nagaland,Kohima,Kohima,Tomato,Tomato,2025-06-11,6100.0
Odisha,Boudh,Boudh,Onion,Other,2025-06-11,2150.0
Odisha,Gajapati,Parlakhemundi,Banana,Other,2025-06-11,1900.0
Odisha,Kalahandi,Junagarh,Tomato,Other,2025-06-11,3000.0
Odisha,Kalahandi,Kalahandi(Dharamagarh),Tomato,Other,2025-06-11,3000.0
Punjab,Amritsar,Rayya,Onion,Red,2025-06-11,2100.0
Punjab,Amritsar,Rayya,Tomato,Hybrid,2025-06-11,3200.0
Punjab,Bhatinda,Rampuraphul(Nabha Mandi),Onion,Other,2025-06-11,1500.0
Punjab,Bhatinda,Rampuraphul(Nabha Mandi),Tomato,Other,2025-06-11,1500.0
Punjab,Bhatinda,Talwandi Sabo,Banana,Other,2025-06-11,2800.0
Punjab,Bhatinda,Talwandi Sabo,Onion,Other,2025-06-11,1200.0
Punjab,Bhatinda,Talwandi Sabo,Tomato,Other,2025-06-11,1800.0
Punjab,Fatehgarh,Khamano,Tomato,Tomato,2025-06-11,4600.0
Punjab,Fazilka,Jalalabad,Banana,Other,2025-06-11,2450.0
Punjab,Fazilka,Jalalabad,Onion,Other,2025-06-11,1900.0
Punjab,Fazilka,Jalalabad,Tomato,Other,2025-06-11,1550.0
Punjab,Ludhiana,Doraha,Tomato,Other,2025-06-11,2350.0
Punjab,Ludhiana,Ludhiana,Onion,Other,2025-06-11,1100.0
Punjab,Ludhiana,Ludhiana,Tomato,Other,2025-06-11,2000.0
Punjab,Mansa,Mansa,Banana,Banana - Ripe,2025-06-11,1800.0
Punjab,Mansa,Mansa,Onion,Nasik,2025-06-11,1500.0
Punjab,Mansa,Mansa,Tomato,Tomato,2025-06-11,2200.0
Punjab,Mohali,Dera Bassi,Onion,Other,2025-06-11,1800.0
Punjab,Mohali,Dera Bassi,Tomato,Other,2025-06-11,2200.0
Punjab,Patiala,Ghanaur,Onion,Other,2025-06-11,1600.0
Punjab,Patiala,Ghanaur,Tomato,Other,2025-06-11,2750.0
Punjab,Tarntaran,Patti,Banana,Other,2025-06-11,2000.0
Punjab,Tarntaran,Patti,Onion,Other,2025-06-11,2000.0
Punjab,Tarntaran,Patti,Tomato,Other,2025-06-11,2800.0
Punjab,Tarntaran,Tarantaran,Onion,Other,2025-06-11,1500.0
Punjab,Tarntaran,Tarantaran,Tomato,Other,2025-06-11,2400.0
Rajasthan,Beawar,Beawar,Maize,Other,2025-06-11,2750.0
Rajasthan,Bhilwara,Gulabpura,Maize,Other,2025-06-11,1825.0
Rajasthan,Churu,Churu,Onion,1st Sort,2025-06-11,1400.0
Rajasthan,Churu,Churu,Tomato,Hybrid,2025-06-11,2100.0
Rajasthan,Ganganagar,Sriganganagar (F&V),Banana,Other,2025-06-11,2500.0
Rajasthan,Ganganagar,Sriganganagar (F&V),Onion,Other,2025-06-11,1400.0
Rajasthan,Ganganagar,Sriganganagar (F&V),Tomato,Other,2025-06-11,1800.0
Rajasthan,Ganganagar,Suratgarh,Onion,1st Sort,2025-06-11,900.0
Rajasthan,Ganganagar,Suratgarh,Tomato,Deshi,2025-06-11,2500.0
Rajasthan,Hanumangarh,Rawatsar,Onion,1st Sort,2025-06-11,1400.0
Rajasthan,Hanumangarh,Rawatsar,Tomato,Deshi,2025-06-11,1500.0
Rajasthan,Hanumangarh,Sangriya,Onion,Onion,2025-06-11,1900.0
Rajasthan,Jalore,Jalore,Tomato,Other,2025-06-11,1300.0
Rajasthan,Rajsamand,Rajsamand,Onion,Onion,2025-06-11,1400.0
Rajasthan,Rajsamand,Rajsamand,Tomato,Tomato,2025-06-11,1600.0
Tamil Nadu,Ariyalur,Ariyalur(Uzhavar Sandhai),Banana,Besrai,2025-06-11,5600.0
Tamil Nadu,Ariyalur,Ariyalur(Uzhavar Sandhai),Coconut,Coconut,2025-06-11,6000.0
Tamil Nadu,Ariyalur,Ariyalur(Uzhavar Sandhai),Onion,Bellary,2025-06-11,3200.0
Tamil Nadu,Ariyalur,Ariyalur(Uzhavar Sandhai),Tomato,Deshi,2025-06-11,3800.0
Tamil Nadu,Ariyalur,Jeyankondam (Uzhavar Sandhai ),Banana,Besrai,2025-06-11,4800.0
Tamil Nadu,Ariyalur,Jeyankondam (Uzhavar Sandhai ),Coconut,Coconut,2025-06-11,5000.0
Tamil Nadu,Ariyalur,Jeyankondam (Uzhavar Sandhai ),Onion,Bellary,2025-06-11,3000.0
Tamil Nadu,Ariyalur,Jeyankondam (Uzhavar Sandhai ),Tomato,Deshi,2025-06-11,4000.0
Tamil Nadu,Chengalpattu,Chengalpet(Uzhavar Sandhai ),Onion,Bellary,2025-06-11,4000.0
Tamil Nadu,Chengalpattu,Chengalpet(Uzhavar Sandhai ),Tomato,Deshi,2025-06-11,4000.0
Tamil Nadu,Chengalpattu,Guduvancheri(Uzhavar Sandhai ),Coconut,Coconut,2025-06-11,4000.0
Tamil Nadu,Chengalpattu,Guduvancheri(Uzhavar Sandhai ),Onion,Bellary,2025-06-11,2000.0
Tamil Nadu,Chengalpattu,Guduvancheri(Uzhavar Sandhai ),Tomato,Deshi,2025-06-11,3500.0
Tamil Nadu,Chengalpattu,Jameenrayapettai(Uzhavar Sandhai ),Coconut,Coconut,2025-06-11,8000.0
Tamil Nadu,Chengalpattu,Jameenrayapettai(Uzhavar Sandhai ),Groundnut,Big (With Shell),2025-06-11,8000.0
Tamil Nadu,Chengalpattu,Jameenrayapettai(Uzhavar Sandhai ),Onion,Bellary,2025-06-11,3000.0
Tamil Nadu,Chengalpattu,Jameenrayapettai(Uzhavar Sandhai ),Tomato,Deshi,2025-06-11,3500.0
Tamil Nadu,Chengalpattu,Madhuranthagam(Uzhavar Sandhai ),Coconut,Coconut,2025-06-11,6000.0
Tamil Nadu,Chengalpattu,Madhuranthagam(Uzhavar Sandhai ),Groundnut,Big (With Shell),2025-06-11,6000.0
Tamil Nadu,Chengalpattu,Madhuranthagam(Uzhavar Sandhai ),Onion,Bellary,2025-06-11,4500.0
Tamil Nadu,Chengalpattu,Madhuranthagam(Uzhavar Sandhai ),Tomato,Deshi,2025-06-11,3000.0
Tamil Nadu,Chengalpattu,Medavakkam(Uzhavar Sandhai ),Coconut,Coconut,2025-06-11,7000.0
Tamil Nadu,Chengalpattu,Medavakkam(Uzhavar Sandhai ),Onion,Bellary,2025-06-11,2500.0
Tamil Nadu,Chengalpattu,Medavakkam(Uzhavar Sandhai ),Tomato,Deshi,2025-06-11,3500.0
Tamil Nadu,Chengalpattu,Nanganallur(Uzhavar Sandhai ),Coconut,Coconut,2025-06-11,6500.0
Tamil Nadu,Chengalpattu,Nanganallur(Uzhavar Sandhai ),Onion,Bellary,2025-06-11,3500.0
Tamil Nadu,Chengalpattu,Nanganallur(Uzhavar Sandhai ),Tomato,Deshi,2025-06-11,3500.0
Tamil Nadu,Chengalpattu,Pallavaram(Uzhavar Sandhai ),Coconut,Coconut,2025-06-11,8000.0
Tamil Nadu,Chengalpattu,Pallavaram(Uzhavar Sandhai ),Groundnut,Big (With Shell),2025-06-11,8000.0
Tamil Nadu,Chengalpattu,Pallavaram(Uzhavar Sandhai ),Maize,Deshi Red,2025-06-11,3500.0
Tamil Nadu,Chengalpattu,Pallavaram(Uzhavar Sandhai ),Onion,Bellary,2025-06-11,3000.0
Tamil Nadu,Chengalpattu,Pallavaram(Uzhavar Sandhai ),Tomato,Deshi,2025-06-11,3500.0
Tamil Nadu,Chengalpattu,Thirukalukundram(Uzhavar Sandhai ),Coconut,Coconut,2025-06-11,8500.0
Tamil Nadu,Chengalpattu,Thirukalukundram(Uzhavar Sandhai ),Onion,Bellary,2025-06-11,3000.0
Tamil Nadu,Chengalpattu,Thirukalukundram(Uzhavar Sandhai ),Tomato,Deshi,2025-06-11,3000.0
Tamil Nadu,Coimbatore,Kurichi(Uzhavar Sandhai ),Coconut,Coconut,2025-06-11,7500.0
Tamil Nadu,Coimbatore,Kurichi(Uzhavar Sandhai ),Onion,Bellary,2025-06-11,2800.0
Tamil Nadu,Coimbatore,Mettupalayam(Uzhavar Sandhai ),Banana,Besrai,2025-06-11,7000.0
Tamil Nadu,Coimbatore,Mettupalayam(Uzhavar Sandhai ),Coconut,Coconut,2025-06-11,7600.0
Tamil Nadu,Coimbatore,Mettupalayam(Uzhavar Sandhai ),Groundnut,Big (With Shell),2025-06-11,7000.0
Tamil Nadu,Coimbatore,Mettupalayam(Uzhavar Sandhai ),Maize,Deshi Red,2025-06-11,4000.0
Tamil Nadu,Coimbatore,Mettupalayam(Uzhavar Sandhai ),Onion,Bellary,2025-06-11,3000.0
Tamil Nadu,Coimbatore,Mettupalayam(Uzhavar Sandhai ),Tomato,Deshi,2025-06-11,3200.0
Tamil Nadu,Coimbatore,Pollachi(Uzhavar Sandhai ),Coconut,Coconut,2025-06-11,7600.0
Tamil Nadu,Coimbatore,Pollachi(Uzhavar Sandhai ),Onion,Bellary,2025-06-11,3200.0
Tamil Nadu,Coimbatore,Pollachi(Uzhavar Sandhai ),Tomato,Deshi,2025-06-11,2400.0
Tamil Nadu,Coimbatore,RSPuram(Uzhavar Sandhai ),Coconut,Coconut,2025-06-11,7400.0
Tamil Nadu,Coimbatore,RSPuram(Uzhavar Sandhai ),Groundnut,Big (With Shell),2025-06-11,6400.0
Tamil Nadu,Coimbatore,RSPuram(Uzhavar Sandhai ),Maize,Deshi Red,2025-06-11,2700.0
Tamil Nadu,Coimbatore,RSPuram(Uzhavar Sandhai ),Onion,Bellary,2025-06-11,2600.0
Tamil Nadu,Coimbatore,Singanallur(Uzhavar Sandhai ),Banana,Besrai,2025-06-11,7000.0
Tamil Nadu,Coimbatore,Singanallur(Uzhavar Sandhai ),Coconut,Coconut,2025-06-11,7500.0
Tamil Nadu,Coimbatore,Singanallur(Uzhavar Sandhai ),Onion,Bellary,2025-06-11,2700.0
Tamil Nadu,Coimbatore,Singanallur(Uzhavar Sandhai ),Tomato,Deshi,2025-06-11,2800.0
Tamil Nadu,Coimbatore,Sulur(Uzhavar Sandhai ),Coconut,Coconut,2025-06-11,7400.0
Tamil Nadu,Coimbatore,Sulur(Uzhavar Sandhai ),Onion,Bellary,2025-06-11,2700.0
Tamil Nadu,Coimbatore,Sundarapuram(Uzhavar Sandhai ),Coconut,Coconut,2025-06-11,7500.0
Tamil Nadu,Coimbatore,Sundarapuram(Uzhavar Sandhai ),Onion,Bellary,2025-06-11,2800.0
Tamil Nadu,Coimbatore,Udumalpet,Coconut,Coconut,2025-06-11,7500.0
Tamil Nadu,Coimbatore,Udumalpet,Maize,Deshi Red,2025-06-11,3500.0
Tamil Nadu,Coimbatore,Udumalpet,Onion,Bellary,2025-06-11,3800.0
Tamil Nadu,Coimbatore,Udumalpet,Tomato,Deshi,2025-06-11,3400.0
Tamil Nadu,Coimbatore,Vadavalli(Uzhavar Sandhai ),Banana,Besrai,2025-06-11,7400.0
Tamil Nadu,Coimbatore,Vadavalli(Uzhavar Sandhai ),Coconut,Coconut,2025-06-11,7500.0
Tamil Nadu,Coimbatore,Vadavalli(Uzhavar Sandhai ),Groundnut,Big (With Shell),2025-06-11,6400.0
Tamil Nadu,Coimbatore,Vadavalli(Uzhavar Sandhai ),Maize,Deshi Red,2025-06-11,2600.0
Tamil Nadu,Coimbatore,Vadavalli(Uzhavar Sandhai ),Onion,Bellary,2025-06-11,2600.0
Tamil Nadu,Coimbatore,Vadavalli(Uzhavar Sandhai ),Tomato,Deshi,2025-06-11,2600.0
Tamil Nadu,Cuddalore,Chidambaram(Uzhavar Sandhai ),Coconut,Coconut,2025-06-11,6000.0
Tamil Nadu,Cuddalore,Chidambaram(Uzhavar Sandhai ),Onion,Bellary,2025-06-11,3000.0
Tamil Nadu,Cuddalore,Cuddalore(Uzhavar Sandhai ),Banana,Besrai,2025-06-11,7000.0
Tamil Nadu,Cuddalore,Cuddalore(Uzhavar Sandhai ),Coconut,Coconut,2025-06-11,9000.0
Tamil Nadu,Cuddalore,Cuddalore(Uzhavar Sandhai ),Groundnut,Big (With Shell),2025-06-11,7000.0
Tamil Nadu,Cuddalore,Cuddalore(Uzhavar Sandhai ),Onion,Bellary,2025-06-11,3200.0
Tamil Nadu,Cuddalore,Cuddalore(Uzhavar Sandhai ),Tomato,Deshi,2025-06-11,3000.0
Tamil Nadu,Cuddalore,Panruti(Uzhavar Sandhai ),Coconut,Coconut,2025-06-11,7000.0
Tamil Nadu,Cuddalore,Panruti(Uzhavar Sandhai ),Onion,Bellary,2025-06-11,3000.0
Tamil Nadu,Cuddalore,Panruti(Uzhavar Sandhai ),Tomato,Deshi,2025-06-11,2500.0
Tamil Nadu,Cuddalore,Viruthachalam(Uzhavar Sandhai ),Banana,Besrai,2025-06-11,7000.0
Tamil Nadu,Cuddalore,Viruthachalam(Uzhavar Sandhai ),Coconut,Coconut,2025-06-11,7000.0
Tamil Nadu,Cuddalore,Viruthachalam(Uzhavar Sandhai ),Onion,Bellary,2025-06-11,2500.0
Tamil Nadu,Cuddalore,Viruthachalam(Uzhavar Sandhai ),Tomato,Deshi,2025-06-11,3000.0
Tamil Nadu,Dharmapuri,AJattihalli(Uzhavar Sandhai ),Coconut,Coconut,2025-06-11,8500.0
Tamil Nadu,Dharmapuri,AJattihalli(Uzhavar Sandhai ),Onion,Bellary,2025-06-11,3000.0
Tamil Nadu,Dharmapuri,Dharmapuri(Uzhavar Sandhai ),Coconut,Coconut,2025-06-11,10200.0
Tamil Nadu,Dharmapuri,Dharmapuri(Uzhavar Sandhai ),Maize,Deshi Red,2025-06-11,2200.0
Tamil Nadu,Dharmapuri,Dharmapuri(Uzhavar Sandhai ),Onion,Bellary,2025-06-11,3200.0
Tamil Nadu,Dharmapuri,Harur(Uzhavar Sandhai ),Coconut,Coconut,2025-06-11,9000.0
Tamil Nadu,Dharmapuri,Harur(Uzhavar Sandhai ),Maize,Deshi Red,2025-06-11,2500.0
Tamil Nadu,Dharmapuri,Harur(Uzhavar Sandhai ),Onion,Bellary,2025-06-11,3000.0
Tamil Nadu,Dharmapuri,Palacode(Uzhavar Sandhai ),Coconut,Coconut,2025-06-11,9000.0
Tamil Nadu,Dharmapuri,Palacode(Uzhavar Sandhai ),Maize,Deshi Red,2025-06-11,2000.0
Tamil Nadu,Dharmapuri,Palacode(Uzhavar Sandhai ),Onion,Bellary,2025-06-11,3000.0
Tamil Nadu,Dharmapuri,Pennagaram(Uzhavar Sandhai ),Banana,Besrai,2025-06-11,6000.0
Tamil Nadu,Dharmapuri,Pennagaram(Uzhavar Sandhai ),Coconut,Coconut,2025-06-11,7500.0
Tamil Nadu,Dharmapuri,Pennagaram(Uzhavar Sandhai ),Groundnut,Big (With Shell),2025-06-11,5000.0
Tamil Nadu,Dharmapuri,Pennagaram(Uzhavar Sandhai ),Maize,Deshi Red,2025-06-11,2000.0
Tamil Nadu,Dharmapuri,Pennagaram(Uzhavar Sandhai ),Onion,Bellary,2025-06-11,3000.0
Tamil Nadu,Dharmapuri,Pennagaram(Uzhavar Sandhai ),Tomato,Deshi,2025-06-11,2800.0
Tamil Nadu,Dindigul,Chinnalapatti(Uzhavar Sandhai ),Coconut,Coconut,2025-06-11,8000.0
Tamil Nadu,Dindigul,Chinnalapatti(Uzhavar Sandhai ),Groundnut,Big (With Shell),2025-06-11,8000.0
Tamil Nadu,Dindigul,Chinnalapatti(Uzhavar Sandhai ),Onion,Bellary,2025-06-11,3500.0
Tamil Nadu,Dindigul,Chinnalapatti(Uzhavar Sandhai ),Tomato,Deshi,2025-06-11,3400.0
Tamil Nadu,Dindigul,Dindigul(Uzhavar Sandhai ),Banana,Besrai,2025-06-11,5000.0
Tamil Nadu,Dindigul,Dindigul(Uzhavar Sandhai ),Coconut,Coconut,2025-06-11,8000.0
Tamil Nadu,Dindigul,Dindigul(Uzhavar Sandhai ),Groundnut,Big (With Shell),2025-06-11,8000.0
Tamil Nadu,Dindigul,Dindigul(Uzhavar Sandhai ),Onion,Bellary,2025-06-11,3500.0
Tamil Nadu,Dindigul,Dindigul(Uzhavar Sandhai ),Tomato,Deshi,2025-06-11,3400.0
Tamil Nadu,Dindigul,Kodaikkanal(Uzhavar Sandhai ),Tomato,Deshi,2025-06-11,3400.0
Tamil Nadu,Dindigul,Palani(Uzhavar Sandhai ),Coconut,Coconut,2025-06-11,7000.0
Tamil Nadu,Dindigul,Palani(Uzhavar Sandhai ),Maize,Deshi Red,2025-06-11,3000.0
Tamil Nadu,Dindigul,Palani(Uzhavar Sandhai ),Onion,Bellary,2025-06-11,3200.0
Tamil Nadu,Dindigul,Vedasanthur(Uzhavar Sandhai ),Banana,Besrai,2025-06-11,6000.0
Tamil Nadu,Dindigul,Vedasanthur(Uzhavar Sandhai ),Coconut,Coconut,2025-06-11,7000.0
Tamil Nadu,Dindigul,Vedasanthur(Uzhavar Sandhai ),Onion,Bellary,2025-06-11,3200.0
Tamil Nadu,Erode,Gobichettipalayam(Uzhavar Sandhai ),Banana,Besrai,2025-06-11,4000.0
Tamil Nadu,Erode,Gobichettipalayam(Uzhavar Sandhai ),Coconut,Coconut,2025-06-11,7000.0
Tamil Nadu,Erode,Gobichettipalayam(Uzhavar Sandhai ),Onion,Bellary,2025-06-11,3000.0
Tamil Nadu,Erode,Gobichettipalayam(Uzhavar Sandhai ),Tomato,Deshi,2025-06-11,3200.0
Tamil Nadu,Erode,Periyar Nagar(Uzhavar Sandhai ),Banana,Besrai,2025-06-11,2000.0
Tamil Nadu,Erode,Periyar Nagar(Uzhavar Sandhai ),Coconut,Coconut,2025-06-11,6800.0
Tamil Nadu,Erode,Periyar Nagar(Uzhavar Sandhai ),Groundnut,Big (With Shell),2025-06-11,5000.0
Tamil Nadu,Erode,Periyar Nagar(Uzhavar Sandhai ),Maize,Deshi Red,2025-06-11,2000.0
Tamil Nadu,Erode,Perundurai(Uzhavar Sandhai ),Coconut,Coconut,2025-06-11,6800.0
Tamil Nadu,Erode,Perundurai(Uzhavar Sandhai ),Onion,Bellary,2025-06-11,3000.0
Tamil Nadu,Erode,Perundurai(Uzhavar Sandhai ),Tomato,Deshi,2025-06-11,3000.0
Tamil Nadu,Erode,Sampath Nagar(Uzhavar Sandhai ),Banana,Besrai,2025-06-11,2000.0
Tamil Nadu,Erode,Sampath Nagar(Uzhavar Sandhai ),Coconut,Coconut,2025-06-11,6800.0
Tamil Nadu,Erode,Sampath Nagar(Uzhavar Sandhai ),Maize,Deshi Red,2025-06-11,2000.0
Tamil Nadu,Erode,Sampath Nagar(Uzhavar Sandhai ),Onion,Bellary,2025-06-11,3500.0
Tamil Nadu,Erode,Sathiyamagalam(Uzhavar Sandhai ),Coconut,Coconut,2025-06-11,7000.0
Tamil Nadu,Erode,Sathiyamagalam(Uzhavar Sandhai ),Maize,Deshi Red,2025-06-11,2400.0
Tamil Nadu,Erode,Sathiyamagalam(Uzhavar Sandhai ),Onion,Bellary,2025-06-11,3000.0
Tamil Nadu,Erode,Thalavadi(Uzhavar Sandhai ),Coconut,Coconut,2025-06-11,6800.0
Tamil Nadu,Erode,Thalavadi(Uzhavar Sandhai ),Onion,Bellary,2025-06-11,3000.0
Tamil Nadu,Kallakuruchi,Kallakurichi(Uzhavar Sandhai ),Coconut,Coconut,2025-06-11,5000.0
Tamil Nadu,Kallakuruchi,Kallakurichi(Uzhavar Sandhai ),Groundnut,Big (With Shell),2025-06-11,6000.0
Tamil Nadu,Kallakuruchi,Kallakurichi(Uzhavar Sandhai ),Maize,Deshi Red,2025-06-11,3000.0
Tamil Nadu,Kallakuruchi,Kallakurichi(Uzhavar Sandhai ),Onion,Bellary,2025-06-11,3500.0
Tamil Nadu,Kallakuruchi,Sankarapuram(Uzhavar Sandhai ),Banana,Besrai,2025-06-11,4000.0
Tamil Nadu,Kallakuruchi,Sankarapuram(Uzhavar Sandhai ),Coconut,Coconut,2025-06-11,5000.0
Tamil Nadu,Kallakuruchi,Sankarapuram(Uzhavar Sandhai ),Groundnut,Big (With Shell),2025-06-11,6000.0
Tamil Nadu,Kallakuruchi,Sankarapuram(Uzhavar Sandhai ),Maize,Deshi Red,2025-06-11,3000.0
Tamil Nadu,Kallakuruchi,Sankarapuram(Uzhavar Sandhai ),Onion,Bellary,2025-06-11,3500.0
Tamil Nadu,Kallakuruchi,Sankarapuram(Uzhavar Sandhai ),Tomato,Deshi,2025-06-11,3000.0
Tamil Nadu,Kancheepuram,Kancheepuram(Uzhavar Sandhai ),Coconut,Coconut,2025-06-11,6500.0
Tamil Nadu,Kancheepuram,Kancheepuram(Uzhavar Sandhai ),Onion,Bellary,2025-06-11,3500.0
Tamil Nadu,Kancheepuram,Kancheepuram(Uzhavar Sandhai ),Tomato,Deshi,2025-06-11,4500.0
Tamil Nadu,Kancheepuram,Kundrathur(Uzhavar Sandhai ),Coconut,Coconut,2025-06-11,6500.0
Tamil Nadu,Kancheepuram,Kundrathur(Uzhavar Sandhai ),Onion,Bellary,2025-06-11,2500.0
Tamil Nadu,Kancheepuram,Padappai(Uzhavar Sandhai ),Onion,Bellary,2025-06-11,2600.0
Tamil Nadu,Kancheepuram,Sunguvarchatram(Uzhavar Sandhai ),Coconut,Coconut,2025-06-11,6800.0
Tamil Nadu,Kancheepuram,Sunguvarchatram(Uzhavar Sandhai ),Onion,Bellary,2025-06-11,4000.0
Tamil Nadu,Kancheepuram,Sunguvarchatram(Uzhavar Sandhai ),Tomato,Deshi,2025-06-11,4000.0
Tamil Nadu,Karur,Karur(Uzhavar Sandhai ),Coconut,Coconut,2025-06-11,7500.0
Tamil Nadu,Karur,Karur(Uzhavar Sandhai ),Onion,Bellary,2025-06-11,3000.0
Tamil Nadu,Karur,Karur(Uzhavar Sandhai ),Tomato,Deshi,2025-06-11,3200.0
Tamil Nadu,Karur,Kulithalai(Uzhavar Sandhai ),Coconut,Coconut,2025-06-11,7000.0
Tamil Nadu,Karur,Kulithalai(Uzhavar Sandhai ),Onion,Bellary,2025-06-11,3200.0
Tamil Nadu,Karur,Kulithalai(Uzhavar Sandhai ),Tomato,Deshi,2025-06-11,3400.0
Tamil Nadu,Karur,Pallapatti (Uzhavar Sandhai ),Coconut,Coconut,2025-06-11,7500.0
Tamil Nadu,Karur,Pallapatti (Uzhavar Sandhai ),Maize,Deshi Red,2025-06-11,4000.0
Tamil Nadu,Karur,Pallapatti (Uzhavar Sandhai ),Tomato,Deshi,2025-06-11,3000.0
Tamil Nadu,Karur,Velayuthampalayam(Uzhavar Sandhai ),Coconut,Coconut,2025-06-11,7500.0
Tamil Nadu,Karur,Velayuthampalayam(Uzhavar Sandhai ),Onion,Bellary,2025-06-11,3000.0
Tamil Nadu,Krishnagiri,Avallapalli(Uzhavar Sandhai ),Coconut,Coconut,2025-06-11,8000.0
Tamil Nadu,Krishnagiri,Avallapalli(Uzhavar Sandhai ),Onion,Bellary,2025-06-11,3000.0
Tamil Nadu,Krishnagiri,Avallapalli(Uzhavar Sandhai ),Tomato,Deshi,2025-06-11,2800.0
Tamil Nadu,Krishnagiri,Denkanikottai(Uzhavar Sandhai ),Banana,Besrai,2025-06-11,8000.0
Tamil Nadu,Krishnagiri,Denkanikottai(Uzhavar Sandhai ),Coconut,Coconut,2025-06-11,8000.0
Tamil Nadu,Krishnagiri,Denkanikottai(Uzhavar Sandhai ),Onion,Bellary,2025-06-11,3000.0
Tamil Nadu,Krishnagiri,Denkanikottai(Uzhavar Sandhai ),Tomato,Deshi,2025-06-11,2800.0
Tamil Nadu,Krishnagiri,Hosur(Uzhavar Sandhai ),Coconut,Coconut,2025-06-11,8000.0
Tamil Nadu,Krishnagiri,Hosur(Uzhavar Sandhai ),Groundnut,Big (With Shell),2025-06-11,8000.0
Tamil Nadu,Krishnagiri,Hosur(Uzhavar Sandhai ),Maize,Deshi Red,2025-06-11,3000.0
Tamil Nadu,Krishnagiri,Hosur(Uzhavar Sandhai ),Onion,Bellary,2025-06-11,3000.0
Tamil Nadu,Krishnagiri,Kaveripattinam(Uzhavar Sandhai ),Coconut,Coconut,2025-06-11,5000.0
Tamil Nadu,Krishnagiri,Kaveripattinam(Uzhavar Sandhai ),Onion,Bellary,2025-06-11,3000.0
Tamil Nadu,Krishnagiri,Krishnagiri(Uzhavar Sandhai ),Coconut,Coconut,2025-06-11,8000.0
Tamil Nadu,Krishnagiri,Krishnagiri(Uzhavar Sandhai ),Groundnut,Big (With Shell),2025-06-11,5000.0
Tamil Nadu,Krishnagiri,Krishnagiri(Uzhavar Sandhai ),Maize,Deshi Red,2025-06-11,3500.0
Tamil Nadu,Krishnagiri,Krishnagiri(Uzhavar Sandhai ),Onion,Bellary,2025-06-11,3000.0
Tamil Nadu,Krishnagiri,Krishnagiri(Uzhavar Sandhai ),Tomato,Deshi,2025-06-11,2000.0
Tamil Nadu,Madurai,Anaiyur(Uzhavar Sandhai ),Banana,Besrai,2025-06-11,4000.0
Tamil Nadu,Madurai,Anaiyur(Uzhavar Sandhai ),Coconut,Coconut,2025-06-11,8000.0
Tamil Nadu,Madurai,Anaiyur(Uzhavar Sandhai ),Groundnut,Big (With Shell),2025-06-11,7000.0
Tamil Nadu,Madurai,Anaiyur(Uzhavar Sandhai ),Maize,Deshi Red,2025-06-11,2400.0
Tamil Nadu,Madurai,Anaiyur(Uzhavar Sandhai ),Onion,Bellary,2025-06-11,3600.0
Tamil Nadu,Madurai,Anna nagar(Uzhavar Sandhai ),Coconut,Coconut,2025-06-11,7500.0
Tamil Nadu,Madurai,Anna nagar(Uzhavar Sandhai ),Onion,Bellary,2025-06-11,3800.0
Tamil Nadu,Madurai,Anna nagar(Uzhavar Sandhai ),Tomato,Deshi,2025-06-11,3000.0
Tamil Nadu,Madurai,Chokkikulam(Uzhavar Sandhai ),Banana,Besrai,2025-06-11,5000.0
Tamil Nadu,Madurai,Chokkikulam(Uzhavar Sandhai ),Coconut,Coconut,2025-06-11,8000.0
Tamil Nadu,Madurai,Chokkikulam(Uzhavar Sandhai ),Groundnut,Big (With Shell),2025-06-11,7000.0
Tamil Nadu,Madurai,Chokkikulam(Uzhavar Sandhai ),Maize,Deshi Red,2025-06-11,2400.0
Tamil Nadu,Madurai,Chokkikulam(Uzhavar Sandhai ),Onion,Bellary,2025-06-11,3600.0
Tamil Nadu,Madurai,Chokkikulam(Uzhavar Sandhai ),Tomato,Deshi,2025-06-11,4500.0
Tamil Nadu,Madurai,Melur(Uzhavar Sandhai ),Banana,Besrai,2025-06-11,4000.0
Tamil Nadu,Madurai,Melur(Uzhavar Sandhai ),Coconut,Coconut,2025-06-11,8000.0
Tamil Nadu,Madurai,Melur(Uzhavar Sandhai ),Groundnut,Big (With Shell),2025-06-11,7000.0
Tamil Nadu,Madurai,Melur(Uzhavar Sandhai ),Onion,Bellary,2025-06-11,3600.0
Tamil Nadu,Madurai,Melur(Uzhavar Sandhai ),Tomato,Deshi,2025-06-11,3500.0
Tamil Nadu,Madurai,Palanganatham(Uzhavar Sandhai ),Coconut,Coconut,2025-06-11,8000.0
Tamil Nadu,Madurai,Palanganatham(Uzhavar Sandhai ),Onion,Bellary,2025-06-11,3600.0
Tamil Nadu,Madurai,Thirumangalam(Uzhavar Sandhai ),Coconut,Coconut,2025-06-11,8000.0
Tamil Nadu,Madurai,Thirumangalam(Uzhavar Sandhai ),Onion,Bellary,2025-06-11,3600.0
Tamil Nadu,Madurai,Thirumangalam(Uzhavar Sandhai ),Tomato,Deshi,2025-06-11,3500.0
Tamil Nadu,Madurai,Usilampatty,Coconut,Coconut,2025-06-11,8000.0
Tamil Nadu,Madurai,Usilampatty,Onion,Bellary,2025-06-11,3600.0
Tamil Nadu,Madurai,Usilampatty,Tomato,Deshi,2025-06-11,3500.0
Tamil Nadu,Nagapattinam,Mayiladuthurai(Uzhavar Sandhai ),Banana,Besrai,2025-06-11,4000.0
Tamil Nadu,Nagapattinam,Mayiladuthurai(Uzhavar Sandhai ),Coconut,Coconut,2025-06-11,4000.0
Tamil Nadu,Nagapattinam,Mayiladuthurai(Uzhavar Sandhai ),Onion,Bellary,2025-06-11,2500.0
Tamil Nadu,Nagapattinam,Mayiladuthurai(Uzhavar Sandhai ),Tomato,Deshi,2025-06-11,4000.0
Tamil Nadu,Nagapattinam,Nagapattinam(Uzhavar Sandhai ),Coconut,Coconut,2025-06-11,7000.0
Tamil Nadu,Nagapattinam,Nagapattinam(Uzhavar Sandhai ),Groundnut,Big (With Shell),2025-06-11,5000.0
Tamil Nadu,Nagapattinam,Nagapattinam(Uzhavar Sandhai ),Onion,Bellary,2025-06-11,3000.0
Tamil Nadu,Nagapattinam,Nagapattinam(Uzhavar Sandhai ),Tomato,Deshi,2025-06-11,3000.0
Tamil Nadu,Nagapattinam,Sirkali(Uzhavar Sandhai ),Banana,Besrai,2025-06-11,4000.0
Tamil Nadu,Nagapattinam,Sirkali(Uzhavar Sandhai ),Coconut,Coconut,2025-06-11,4000.0
Tamil Nadu,Nagapattinam,Sirkali(Uzhavar Sandhai ),Groundnut,Big (With Shell),2025-06-11,6000.0
Tamil Nadu,Nagapattinam,Sirkali(Uzhavar Sandhai ),Onion,Bellary,2025-06-11,2500.0
Tamil Nadu,Nagapattinam,Sirkali(Uzhavar Sandhai ),Tomato,Deshi,2025-06-11,3500.0
Tamil Nadu,Nagercoil (Kannyiakumari),Myladi(Uzhavar Sandhai ),Banana,Besrai,2025-06-11,5000.0
Tamil Nadu,Nagercoil (Kannyiakumari),Myladi(Uzhavar Sandhai ),Coconut,Coconut,2025-06-11,7000.0
Tamil Nadu,Nagercoil (Kannyiakumari),Myladi(Uzhavar Sandhai ),Onion,Bellary,2025-06-11,4000.0
Tamil Nadu,Nagercoil (Kannyiakumari),Myladi(Uzhavar Sandhai ),Tomato,Deshi,2025-06-11,3500.0
Tamil Nadu,Nagercoil (Kannyiakumari),Vadaseri,Banana,Besrai,2025-06-11,5000.0
Tamil Nadu,Nagercoil (Kannyiakumari),Vadaseri,Coconut,Coconut,2025-06-11,7000.0
Tamil Nadu,Nagercoil (Kannyiakumari),Vadaseri,Onion,Bellary,2025-06-11,4000.0
Tamil Nadu,Nagercoil (Kannyiakumari),Vadaseri,Tomato,Deshi,2025-06-11,3500.0
Tamil Nadu,Namakkal,Kumarapalayam(Uzhavar Sandhai ),Banana,Besrai,2025-06-11,4000.0
Tamil Nadu,Namakkal,Kumarapalayam(Uzhavar Sandhai ),Coconut,Coconut,2025-06-11,7000.0
Tamil Nadu,Namakkal,Kumarapalayam(Uzhavar Sandhai ),Maize,Deshi Red,2025-06-11,3000.0
Tamil Nadu,Namakkal,Kumarapalayam(Uzhavar Sandhai ),Onion,Bellary,2025-06-11,3000.0
Tamil Nadu,Namakkal,Kumarapalayam(Uzhavar Sandhai ),Tomato,Deshi,2025-06-11,2800.0
Tamil Nadu,Namakkal,Mohanur(Uzhavar Sandhai ),Coconut,Coconut,2025-06-11,7000.0
Tamil Nadu,Namakkal,Mohanur(Uzhavar Sandhai ),Onion,Bellary,2025-06-11,3500.0
Tamil Nadu,Namakkal,Mohanur(Uzhavar Sandhai ),Tomato,Deshi,2025-06-11,4000.0
Tamil Nadu,Namakkal,Namakkal(Uzhavar Sandhai ),Coconut,Coconut,2025-06-11,7000.0
Tamil Nadu,Namakkal,Namakkal(Uzhavar Sandhai ),Groundnut,Big (With Shell),2025-06-11,5000.0
Tamil Nadu,Namakkal,Namakkal(Uzhavar Sandhai ),Maize,Deshi Red,2025-06-11,2600.0
Tamil Nadu,Namakkal,Namakkal(Uzhavar Sandhai ),Onion,Bellary,2025-06-11,3000.0
Tamil Nadu,Namakkal,Paramathivelur(Uzhavar Sandhai ),Coconut,Coconut,2025-06-11,7000.0
Tamil Nadu,Namakkal,Paramathivelur(Uzhavar Sandhai ),Onion,Bellary,2025-06-11,3500.0
Tamil Nadu,Namakkal,Rasipuram(Uzhavar Sandhai ),Coconut,Coconut,2025-06-11,7000.0
Tamil Nadu,Namakkal,Rasipuram(Uzhavar Sandhai ),Groundnut,Big (With Shell),2025-06-11,5500.0
Tamil Nadu,Namakkal,Rasipuram(Uzhavar Sandhai ),Maize,Deshi Red,2025-06-11,3000.0
Tamil Nadu,Namakkal,Rasipuram(Uzhavar Sandhai ),Onion,Bellary,2025-06-11,3500.0
Tamil Nadu,Namakkal,Tiruchengode,Banana,Besrai,2025-06-11,4000.0
Tamil Nadu,Namakkal,Tiruchengode,Coconut,Coconut,2025-06-11,7000.0
Tamil Nadu,Namakkal,Tiruchengode,Groundnut,Big (With Shell),2025-06-11,6000.0
Tamil Nadu,Namakkal,Tiruchengode,Maize,Deshi Red,2025-06-11,3000.0
Tamil Nadu,Namakkal,Tiruchengode,Onion,Bellary,2025-06-11,3500.0
Tamil Nadu,Namakkal,Tiruchengode,Tomato,Deshi,2025-06-11,3000.0
Tamil Nadu,Perambalur,Perambalur(Uzhavar Sandhai ),Coconut,Coconut,2025-06-11,5000.0
Tamil Nadu,Perambalur,Perambalur(Uzhavar Sandhai ),Groundnut,Big (With Shell),2025-06-11,8000.0
Tamil Nadu,Perambalur,Perambalur(Uzhavar Sandhai ),Onion,Bellary,2025-06-11,3500.0
Tamil Nadu,Pudukkottai,Alangudi(Uzhavar Sandhai ),Coconut,Coconut,2025-06-11,6000.0
Tamil Nadu,Pudukkottai,Alangudi(Uzhavar Sandhai ),Onion,Bellary,2025-06-11,3000.0
Tamil Nadu,Pudukkottai,Aranthangi(Uzhavar Sandhai ),Coconut,Coconut,2025-06-11,6000.0
Tamil Nadu,Pudukkottai,Aranthangi(Uzhavar Sandhai ),Onion,Bellary,2025-06-11,3000.0
Tamil Nadu,Pudukkottai,Gandarvakottai(Uzhavar Sandhai ),Coconut,Coconut,2025-06-11,6000.0
Tamil Nadu,Pudukkottai,Gandarvakottai(Uzhavar Sandhai ),Onion,Bellary,2025-06-11,3000.0
Tamil Nadu,Pudukkottai,Karambakkudi(Uzhavar Sandhai ),Coconut,Coconut,2025-06-11,6000.0
Tamil Nadu,Pudukkottai,Karambakkudi(Uzhavar Sandhai ),Onion,Bellary,2025-06-11,3000.0
Tamil Nadu,Pudukkottai,Pudukottai(Uzhavar Sandhai ),Coconut,Coconut,2025-06-11,7000.0
Tamil Nadu,Pudukkottai,Pudukottai(Uzhavar Sandhai ),Groundnut,Big (With Shell),2025-06-11,6000.0
Tamil Nadu,Pudukkottai,Pudukottai(Uzhavar Sandhai ),Onion,Bellary,2025-06-11,3500.0
Tamil Nadu,Pudukkottai,Viralimalai(Uzhavar Sandhai ),Banana,Besrai,2025-06-11,6000.0
Tamil Nadu,Pudukkottai,Viralimalai(Uzhavar Sandhai ),Coconut,Coconut,2025-06-11,7000.0
Tamil Nadu,Pudukkottai,Viralimalai(Uzhavar Sandhai ),Onion,Bellary,2025-06-11,3500.0
Tamil Nadu,Pudukkottai,Viralimalai(Uzhavar Sandhai ),Tomato,Deshi,2025-06-11,3000.0
Tamil Nadu,Ramanathapuram,Paramakudi(Uzhavar Sandhai ),Banana,Besrai,2025-06-11,5000.0
Tamil Nadu,Ramanathapuram,Paramakudi(Uzhavar Sandhai ),Coconut,Coconut,2025-06-11,7500.0
Tamil Nadu,Ramanathapuram,Paramakudi(Uzhavar Sandhai ),Onion,Bellary,2025-06-11,3000.0
Tamil Nadu,Ramanathapuram,Ramanathapuram(Uzhavar Sandhai ),Banana,Besrai,2025-06-11,5000.0
Tamil Nadu,Ramanathapuram,Ramanathapuram(Uzhavar Sandhai ),Coconut,Coconut,2025-06-11,7500.0
Tamil Nadu,Ramanathapuram,Ramanathapuram(Uzhavar Sandhai ),Onion,Bellary,2025-06-11,3500.0
Tamil Nadu,Ramanathapuram,Ramanathapuram(Uzhavar Sandhai ),Tomato,Deshi,2025-06-11,3800.0
Tamil Nadu,Ranipet,Arcot(Uzhavar Sandhai ),Coconut,Coconut,2025-06-11,7000.0
Tamil Nadu,Ranipet,Arcot(Uzhavar Sandhai ),Groundnut,Big (With Shell),2025-06-11,6000.0
Tamil Nadu,Ranipet,Arcot(Uzhavar Sandhai ),Onion,Bellary,2025-06-11,3000.0
Tamil Nadu,Ranipet,Arcot(Uzhavar Sandhai ),Tomato,Deshi,2025-06-11,2600.0
Tamil Nadu,Ranipet,Ranipettai(Uzhavar Sandhai ),Banana,Besrai,2025-06-11,5000.0
Tamil Nadu,Ranipet,Ranipettai(Uzhavar Sandhai ),Coconut,Coconut,2025-06-11,7000.0
Tamil Nadu,Ranipet,Ranipettai(Uzhavar Sandhai ),Groundnut,Big (With Shell),2025-06-11,6000.0
Tamil Nadu,Ranipet,Ranipettai(Uzhavar Sandhai ),Maize,Deshi Red,2025-06-11,4000.0
Tamil Nadu,Ranipet,Ranipettai(Uzhavar Sandhai ),Onion,Bellary,2025-06-11,3000.0
Tamil Nadu,Salem,Ammapet(Uzhavar Sandhai ),Coconut,Coconut,2025-06-11,8000.0
Tamil Nadu,Salem,Ammapet(Uzhavar Sandhai ),Groundnut,Big (With Shell),2025-06-11,6000.0
Tamil Nadu,Salem,Ammapet(Uzhavar Sandhai ),Maize,Deshi Red,2025-06-11,2500.0
Tamil Nadu,Salem,Ammapet(Uzhavar Sandhai ),Onion,Bellary,2025-06-11,3600.0
Tamil Nadu,Salem,Athur(Uzhavar Sandhai ),Coconut,Coconut,2025-06-11,7500.0
Tamil Nadu,Salem,Athur(Uzhavar Sandhai ),Onion,Bellary,2025-06-11,3600.0
Tamil Nadu,Salem,Attayampatti(Uzhavar Sandhai ),Coconut,Coconut,2025-06-11,7000.0
Tamil Nadu,Salem,Attayampatti(Uzhavar Sandhai ),Onion,Bellary,2025-06-11,3600.0
Tamil Nadu,Salem,Attayampatti(Uzhavar Sandhai ),Tomato,Deshi,2025-06-11,2600.0
Tamil Nadu,Salem,Edapadi (Uzhavar Sandhai ),Coconut,Coconut,2025-06-11,7000.0
Tamil Nadu,Salem,Edapadi (Uzhavar Sandhai ),Onion,Bellary,2025-06-11,3800.0
Tamil Nadu,Salem,Elampillai(Uzhavar Sandhai ),Coconut,Coconut,2025-06-11,8000.0
Tamil Nadu,Salem,Elampillai(Uzhavar Sandhai ),Onion,Bellary,2025-06-11,3800.0
Tamil Nadu,Salem,Elampillai(Uzhavar Sandhai ),Tomato,Deshi,2025-06-11,2600.0
Tamil Nadu,Salem,Hasthampatti(Uzhavar Sandhai ),Coconut,Coconut,2025-06-11,7500.0
Tamil Nadu,Salem,Hasthampatti(Uzhavar Sandhai ),Groundnut,Big (With Shell),2025-06-11,6000.0
Tamil Nadu,Salem,Hasthampatti(Uzhavar Sandhai ),Maize,Deshi Red,2025-06-11,2500.0
Tamil Nadu,Salem,Hasthampatti(Uzhavar Sandhai ),Onion,Bellary,2025-06-11,3800.0
Tamil Nadu,Salem,Hasthampatti(Uzhavar Sandhai ),Tomato,Deshi,2025-06-11,2600.0
Tamil Nadu,Salem,Jalagandapuram(Uzhavar Sandhai ),Coconut,Coconut,2025-06-11,7000.0
Tamil Nadu,Salem,Jalagandapuram(Uzhavar Sandhai ),Groundnut,Big (With Shell),2025-06-11,5000.0
Tamil Nadu,Salem,Jalagandapuram(Uzhavar Sandhai ),Maize,Deshi Red,2025-06-11,3000.0
Tamil Nadu,Salem,Jalagandapuram(Uzhavar Sandhai ),Onion,Bellary,2025-06-11,3500.0
Tamil Nadu,Salem,Mettur(Uzhavar Sandhai ),Coconut,Coconut,2025-06-11,7500.0
Tamil Nadu,Salem,Mettur(Uzhavar Sandhai ),Maize,Deshi Red,2025-06-11,2500.0
Tamil Nadu,Salem,Mettur(Uzhavar Sandhai ),Onion,Bellary,2025-06-11,4000.0
Tamil Nadu,Salem,Sooramangalam(Uzhavar Sandhai ),Coconut,Coconut,2025-06-11,8000.0
Tamil Nadu,Salem,Sooramangalam(Uzhavar Sandhai ),Maize,Deshi Red,2025-06-11,2500.0
Tamil Nadu,Salem,Sooramangalam(Uzhavar Sandhai ),Onion,Bellary,2025-06-11,3800.0
Tamil Nadu,Salem,Sooramangalam(Uzhavar Sandhai ),Tomato,Deshi,2025-06-11,2600.0
Tamil Nadu,Salem,Thammampatti (Uzhavar Sandhai ),Coconut,Coconut,2025-06-11,7500.0
Tamil Nadu,Salem,Thammampatti (Uzhavar Sandhai ),Onion,Bellary,2025-06-11,3600.0
Tamil Nadu,Salem,Thathakapatti(Uzhavar Sandhai ),Coconut,Coconut,2025-06-11,8000.0
Tamil Nadu,Salem,Thathakapatti(Uzhavar Sandhai ),Groundnut,Big (With Shell),2025-06-11,6000.0
Tamil Nadu,Salem,Thathakapatti(Uzhavar Sandhai ),Maize,Deshi Red,2025-06-11,2500.0
Tamil Nadu,Salem,Thathakapatti(Uzhavar Sandhai ),Onion,Bellary,2025-06-11,3800.0
Tamil Nadu,Sivaganga,Devakottai (Uzhavar Sandhai ),Coconut,Coconut,2025-06-11,8200.0
Tamil Nadu,Sivaganga,Devakottai (Uzhavar Sandhai ),Onion,Bellary,2025-06-11,3600.0
Tamil Nadu,Sivaganga,Devakottai (Uzhavar Sandhai ),Tomato,Deshi,2025-06-11,3600.0
Tamil Nadu,Sivaganga,Karaikudi(Uzhavar Sandhai ),Coconut,Coconut,2025-06-11,8500.0
Tamil Nadu,Sivaganga,Karaikudi(Uzhavar Sandhai ),Onion,Bellary,2025-06-11,4000.0
Tamil Nadu,Sivaganga,Singampunari(Uzhavar Sandhai ),Coconut,Coconut,2025-06-11,8000.0
Tamil Nadu,Sivaganga,Singampunari(Uzhavar Sandhai ),Onion,Bellary,2025-06-11,3200.0
Tamil Nadu,Sivaganga,Sivagangai (Uzhavar Sandhai ),Coconut,Coconut,2025-06-11,8200.0
Tamil Nadu,Sivaganga,Sivagangai (Uzhavar Sandhai ),Onion,Bellary,2025-06-11,3600.0
Tamil Nadu,Sivaganga,Sivagangai (Uzhavar Sandhai ),Tomato,Deshi,2025-06-11,3600.0
Tamil Nadu,Sivaganga,Tirupatthur(Uzhavar Sandhai ),Coconut,Coconut,2025-06-11,8500.0
Tamil Nadu,Sivaganga,Tirupatthur(Uzhavar Sandhai ),Onion,Bellary,2025-06-11,2800.0
Tamil Nadu,Tenkasi,Sankarankoil(Uzhavar Sandhai ),Coconut,Coconut,2025-06-11,7000.0
Tamil Nadu,Tenkasi,Sankarankoil(Uzhavar Sandhai ),Onion,Bellary,2025-06-11,3500.0
Tamil Nadu,Tenkasi,Tenkasi(Uzhavar Sandhai ),Coconut,Coconut,2025-06-11,7400.0
Tamil Nadu,Tenkasi,Tenkasi(Uzhavar Sandhai ),Onion,Bellary,2025-06-11,2500.0
Tamil Nadu,Thanjavur,Kumbakonam (Uzhavar Sandhai ),Banana,Besrai,2025-06-11,6000.0
Tamil Nadu,Thanjavur,Kumbakonam (Uzhavar Sandhai ),Coconut,Coconut,2025-06-11,7500.0
Tamil Nadu,Thanjavur,Kumbakonam (Uzhavar Sandhai ),Onion,Bellary,2025-06-11,3600.0
Tamil Nadu,Thanjavur,Kumbakonam (Uzhavar Sandhai ),Tomato,Deshi,2025-06-11,3000.0
Tamil Nadu,Thanjavur,Papanasam(Uzhavar Sandhai ),Banana,Besrai,2025-06-11,6000.0
Tamil Nadu,Thanjavur,Papanasam(Uzhavar Sandhai ),Coconut,Coconut,2025-06-11,7500.0
Tamil Nadu,Thanjavur,Papanasam(Uzhavar Sandhai ),Onion,Bellary,2025-06-11,3600.0
Tamil Nadu,Thanjavur,Papanasam(Uzhavar Sandhai ),Tomato,Deshi,2025-06-11,3000.0
Tamil Nadu,Thanjavur,Pattukottai(Uzhavar Sandhai ),Banana,Besrai,2025-06-11,3500.0
Tamil Nadu,Thanjavur,Pattukottai(Uzhavar Sandhai ),Coconut,Coconut,2025-06-11,6000.0
Tamil Nadu,Thanjavur,Pattukottai(Uzhavar Sandhai ),Onion,Bellary,2025-06-11,3800.0
Tamil Nadu,Thanjavur,Pattukottai(Uzhavar Sandhai ),Tomato,Deshi,2025-06-11,3200.0
Tamil Nadu,Thanjavur,Thanjavur(Uzhavar Sandhai ),Coconut,Coconut,2025-06-11,7000.0
Tamil Nadu,Thanjavur,Thanjavur(Uzhavar Sandhai ),Onion,Bellary,2025-06-11,3400.0
Tamil Nadu,Thanjavur,Thanjavur(Uzhavar Sandhai ),Tomato,Deshi,2025-06-11,3000.0
Tamil Nadu,The Nilgiris,Coonoor(Uzhavar Sandhai ),Coconut,Coconut,2025-06-11,8500.0
Tamil Nadu,The Nilgiris,Coonoor(Uzhavar Sandhai ),Onion,Bellary,2025-06-11,3400.0
Tamil Nadu,The Nilgiris,Gudalur(Uzhavar Sandhai ),Banana,Besrai,2025-06-11,6000.0
Tamil Nadu,The Nilgiris,Gudalur(Uzhavar Sandhai ),Coconut,Coconut,2025-06-11,8000.0
Tamil Nadu,The Nilgiris,Gudalur(Uzhavar Sandhai ),Onion,Bellary,2025-06-11,3500.0
Tamil Nadu,The Nilgiris,Gudalur(Uzhavar Sandhai ),Tomato,Deshi,2025-06-11,3000.0
Tamil Nadu,The Nilgiris,Udhagamandalam(Uzhavar Sandhai ),Banana,Besrai,2025-06-11,5000.0
Tamil Nadu,The Nilgiris,Udhagamandalam(Uzhavar Sandhai ),Coconut,Coconut,2025-06-11,8000.0
Tamil Nadu,The Nilgiris,Udhagamandalam(Uzhavar Sandhai ),Onion,Bellary,2025-06-11,3400.0
Tamil Nadu,The Nilgiris,Udhagamandalam(Uzhavar Sandhai ),Tomato,Deshi,2025-06-11,3000.0
Tamil Nadu,Theni,Andipatti(Uzhavar Sandhai ),Coconut,Coconut,2025-06-11,7200.0
Tamil Nadu,Theni,Andipatti(Uzhavar Sandhai ),Onion,Bellary,2025-06-11,3000.0
Tamil Nadu,Theni,Andipatti(Uzhavar Sandhai ),Tomato,Deshi,2025-06-11,3000.0
Tamil Nadu,Theni,Bodinayakanur(Uzhavar Sandhai ),Banana,Besrai,2025-06-11,6000.0
Tamil Nadu,Theni,Bodinayakanur(Uzhavar Sandhai ),Coconut,Coconut,2025-06-11,7400.0
Tamil Nadu,Theni,Bodinayakanur(Uzhavar Sandhai ),Onion,Bellary,2025-06-11,3200.0
Tamil Nadu,Theni,Bodinayakanur(Uzhavar Sandhai ),Tomato,Deshi,2025-06-11,3000.0
Tamil Nadu,Theni,Chinnamanur(Uzhavar Sandhai ),Coconut,Coconut,2025-06-11,7500.0
Tamil Nadu,Theni,Chinnamanur(Uzhavar Sandhai ),Onion,Bellary,2025-06-11,3200.0
Tamil Nadu,Theni,Devaram(Uzhavar Sandhai ),Coconut,Coconut,2025-06-11,7200.0
Tamil Nadu,Theni,Devaram(Uzhavar Sandhai ),Onion,Bellary,2025-06-11,3000.0
Tamil Nadu,Theni,Kambam(Uzhavar Sandhai ),Coconut,Coconut,2025-06-11,7200.0
Tamil Nadu,Theni,Kambam(Uzhavar Sandhai ),Onion,Bellary,2025-06-11,3000.0
Tamil Nadu,Theni,Periyakulam(Uzhavar Sandhai ),Coconut,Coconut,2025-06-11,7200.0
Tamil Nadu,Theni,Periyakulam(Uzhavar Sandhai ),Onion,Bellary,2025-06-11,3000.0
Tamil Nadu,Theni,Theni(Uzhavar Sandhai ),Coconut,Coconut,2025-06-11,7200.0
Tamil Nadu,Theni,Theni(Uzhavar Sandhai ),Onion,Bellary,2025-06-11,3000.0
Tamil Nadu,Thiruchirappalli,Lalgudi(Uzhavar Sandhai ),Coconut,Coconut,2025-06-11,7500.0
Tamil Nadu,Thiruchirappalli,Lalgudi(Uzhavar Sandhai ),Onion,Bellary,2025-06-11,3600.0
Tamil Nadu,Thiruchirappalli,Manachanallur(Uzhavar Sandhai ),Coconut,Coconut,2025-06-11,8000.0
Tamil Nadu,Thiruchirappalli,Manachanallur(Uzhavar Sandhai ),Onion,Bellary,2025-06-11,3000.0
Tamil Nadu,Thiruchirappalli,Manapparai(Uzhavar Sandhai ),Coconut,Coconut,2025-06-11,8000.0
Tamil Nadu,Thiruchirappalli,Manapparai(Uzhavar Sandhai ),Onion,Bellary,2025-06-11,3400.0
Tamil Nadu,Thiruchirappalli,Musiri(Uzhavar Sandhai ),Banana,Besrai,2025-06-11,5000.0
Tamil Nadu,Thiruchirappalli,Musiri(Uzhavar Sandhai ),Coconut,Coconut,2025-06-11,7000.0
Tamil Nadu,Thiruchirappalli,Musiri(Uzhavar Sandhai ),Onion,Bellary,2025-06-11,3600.0
Tamil Nadu,Thiruchirappalli,Musiri(Uzhavar Sandhai ),Tomato,Deshi,2025-06-11,3000.0
Tamil Nadu,Thiruchirappalli,Thuraiyur,Coconut,Coconut,2025-06-11,7500.0
Tamil Nadu,Thiruchirappalli,Thuraiyur,Onion,Bellary,2025-06-11,3500.0
Tamil Nadu,Thirunelveli,Kandiyaperi(Uzhavar Sandhai ),Coconut,Coconut,2025-06-11,7400.0
Tamil Nadu,Thirunelveli,Melapalayam(Uzhavar Sandhai ),Coconut,Coconut,2025-06-11,7400.0
Tamil Nadu,Thirunelveli,Melapalayam(Uzhavar Sandhai ),Onion,Bellary,2025-06-11,3200.0
Tamil Nadu,Thirunelveli,NGO Colony(Uzhavar Sandhai ),Coconut,Coconut,2025-06-11,7400.0
Tamil Nadu,Thirunelveli,NGO Colony(Uzhavar Sandhai ),Onion,Bellary,2025-06-11,3200.0
Tamil Nadu,Thirunelveli,Palayamkottai(Uzhavar Sandhai ),Coconut,Coconut,2025-06-11,7400.0
Tamil Nadu,Thirunelveli,Palayamkottai(Uzhavar Sandhai ),Onion,Bellary,2025-06-11,3200.0
Tamil Nadu,Thirupathur,Natrampalli(Uzhavar Sandhai ),Banana,Besrai,2025-06-11,4000.0
Tamil Nadu,Thirupathur,Natrampalli(Uzhavar Sandhai ),Coconut,Coconut,2025-06-11,3500.0
Tamil Nadu,Thirupathur,Natrampalli(Uzhavar Sandhai ),Onion,Bellary,2025-06-11,3000.0
Tamil Nadu,Thirupathur,Natrampalli(Uzhavar Sandhai ),Tomato,Deshi,2025-06-11,3000.0
Tamil Nadu,Thirupathur,Vaniyampadi(Uzhavar Sandhai ),Banana,Besrai,2025-06-11,5000.0
Tamil Nadu,Thirupathur,Vaniyampadi(Uzhavar Sandhai ),Coconut,Coconut,2025-06-11,5000.0
Tamil Nadu,Thirupathur,Vaniyampadi(Uzhavar Sandhai ),Groundnut,Big (With Shell),2025-06-11,5000.0
Tamil Nadu,Thirupathur,Vaniyampadi(Uzhavar Sandhai ),Maize,Deshi Red,2025-06-11,3000.0
Tamil Nadu,Thirupathur,Vaniyampadi(Uzhavar Sandhai ),Onion,Bellary,2025-06-11,3000.0
Tamil Nadu,Thirupathur,Vaniyampadi(Uzhavar Sandhai ),Tomato,Deshi,2025-06-11,3000.0
Tamil Nadu,Thirupur,Dharapuram(Uzhavar Sandhai ),Banana,Besrai,2025-06-11,4000.0
Tamil Nadu,Thirupur,Dharapuram(Uzhavar Sandhai ),Coconut,Coconut,2025-06-11,7000.0
Tamil Nadu,Thirupur,Dharapuram(Uzhavar Sandhai ),Onion,Bellary,2025-06-11,2500.0
Tamil Nadu,Thirupur,Dharapuram(Uzhavar Sandhai ),Tomato,Deshi,2025-06-11,2700.0
Tamil Nadu,Thirupur,Kangayam(Uzhavar Sandhai ),Banana,Besrai,2025-06-11,4000.0
Tamil Nadu,Thirupur,Kangayam(Uzhavar Sandhai ),Coconut,Coconut,2025-06-11,7000.0
Tamil Nadu,Thirupur,Kangayam(Uzhavar Sandhai ),Onion,Bellary,2025-06-11,2800.0
Tamil Nadu,Thirupur,Kangayam(Uzhavar Sandhai ),Tomato,Deshi,2025-06-11,3000.0
Tamil Nadu,Thirupur,Palladam(Uzhavar Sandhai ),Coconut,Coconut,2025-06-11,7000.0
Tamil Nadu,Thirupur,Tiruppur (North) (Uzhavar Sandhai ),Coconut,Coconut,2025-06-11,7000.0
Tamil Nadu,Thirupur,Tiruppur (North) (Uzhavar Sandhai ),Groundnut,Big (With Shell),2025-06-11,6000.0
Tamil Nadu,Thirupur,Tiruppur (North) (Uzhavar Sandhai ),Onion,Bellary,2025-06-11,2800.0
Tamil Nadu,Thirupur,Tiruppur (North) (Uzhavar Sandhai ),Tomato,Deshi,2025-06-11,2800.0
Tamil Nadu,Thirupur,Tiruppur (South) (Uzhavar Sandhai ),Coconut,Coconut,2025-06-11,6500.0
Tamil Nadu,Thirupur,Tiruppur (South) (Uzhavar Sandhai ),Onion,Bellary,2025-06-11,2500.0
Tamil Nadu,Thiruvannamalai,Arani(Uzhavar Sandhai ),Coconut,Coconut,2025-06-11,5000.0
Tamil Nadu,Thiruvannamalai,Arani(Uzhavar Sandhai ),Onion,Bellary,2025-06-11,3000.0
Tamil Nadu,Thiruvannamalai,Chengam(Uzhavar Sandhai ),Banana,Besrai,2025-06-11,5000.0
Tamil Nadu,Thiruvannamalai,Chengam(Uzhavar Sandhai ),Coconut,Coconut,2025-06-11,6000.0
Tamil Nadu,Thiruvannamalai,Chengam(Uzhavar Sandhai ),Groundnut,Big (With Shell),2025-06-11,6000.0
Tamil Nadu,Thiruvannamalai,Chengam(Uzhavar Sandhai ),Maize,Deshi Red,2025-06-11,3000.0
Tamil Nadu,Thiruvannamalai,Chengam(Uzhavar Sandhai ),Onion,Bellary,2025-06-11,3000.0
Tamil Nadu,Thiruvannamalai,Chengam(Uzhavar Sandhai ),Tomato,Deshi,2025-06-11,2000.0
Tamil Nadu,Thiruvannamalai,Cheyyar(Uzhavar Sandhai ),Coconut,Coconut,2025-06-11,5000.0
Tamil Nadu,Thiruvannamalai,Cheyyar(Uzhavar Sandhai ),Onion,Bellary,2025-06-11,3000.0
Tamil Nadu,Thiruvannamalai,Keelpennathur(Uzhavar Sandhai ),Coconut,Coconut,2025-06-11,6500.0
Tamil Nadu,Thiruvannamalai,Keelpennathur(Uzhavar Sandhai ),Onion,Bellary,2025-06-11,3500.0
Tamil Nadu,Thiruvannamalai,Keelpennathur(Uzhavar Sandhai ),Tomato,Deshi,2025-06-11,3500.0
Tamil Nadu,Thiruvannamalai,Polur(Uzhavar Sandhai ),Banana,Besrai,2025-06-11,5000.0
Tamil Nadu,Thiruvannamalai,Polur(Uzhavar Sandhai ),Coconut,Coconut,2025-06-11,6000.0
Tamil Nadu,Thiruvannamalai,Polur(Uzhavar Sandhai ),Groundnut,Big (With Shell),2025-06-11,5000.0
Tamil Nadu,Thiruvannamalai,Polur(Uzhavar Sandhai ),Onion,Bellary,2025-06-11,3000.0
Tamil Nadu,Thiruvannamalai,Polur(Uzhavar Sandhai ),Tomato,Deshi,2025-06-11,2500.0
Tamil Nadu,Thiruvannamalai,Tamarainagar(Uzhavar Sandhai ),Banana,Besrai,2025-06-11,6000.0
Tamil Nadu,Thiruvannamalai,Tamarainagar(Uzhavar Sandhai ),Coconut,Coconut,2025-06-11,8000.0
Tamil Nadu,Thiruvannamalai,Tamarainagar(Uzhavar Sandhai ),Groundnut,Big (With Shell),2025-06-11,7000.0
Tamil Nadu,Thiruvannamalai,Tamarainagar(Uzhavar Sandhai ),Maize,Deshi Red,2025-06-11,3000.0
Tamil Nadu,Thiruvannamalai,Tamarainagar(Uzhavar Sandhai ),Tomato,Deshi,2025-06-11,2000.0
Tamil Nadu,Thiruvannamalai,Tiruvannamalai(Uzhavar Sandhai ),Banana,Besrai,2025-06-11,6000.0
Tamil Nadu,Thiruvannamalai,Tiruvannamalai(Uzhavar Sandhai ),Coconut,Coconut,2025-06-11,9000.0
Tamil Nadu,Thiruvannamalai,Tiruvannamalai(Uzhavar Sandhai ),Groundnut,Big (With Shell),2025-06-11,8000.0
Tamil Nadu,Thiruvannamalai,Tiruvannamalai(Uzhavar Sandhai ),Maize,Deshi Red,2025-06-11,4000.0
Tamil Nadu,Thiruvannamalai,Tiruvannamalai(Uzhavar Sandhai ),Onion,Bellary,2025-06-11,3000.0
Tamil Nadu,Thiruvannamalai,Tiruvannamalai(Uzhavar Sandhai ),Tomato,Deshi,2025-06-11,2000.0
Tamil Nadu,Thiruvannamalai,Vandavasi(Uzhavar Sandhai ),Coconut,Coconut,2025-06-11,5000.0
Tamil Nadu,Thiruvannamalai,Vandavasi(Uzhavar Sandhai ),Onion,Bellary,2025-06-11,3000.0
Tamil Nadu,Thiruvarur,Mannargudi I(Uzhavar Sandhai ),Coconut,Coconut,2025-06-11,7000.0
Tamil Nadu,Thiruvarur,Mannargudi I(Uzhavar Sandhai ),Onion,Bellary,2025-06-11,4000.0
Tamil Nadu,Thiruvarur,Mannargudi II(Uzhavar Sandhai ),Coconut,Coconut,2025-06-11,7000.0
Tamil Nadu,Thiruvarur,Mannargudi II(Uzhavar Sandhai ),Onion,Bellary,2025-06-11,3000.0
Tamil Nadu,Thiruvarur,Mannargudi II(Uzhavar Sandhai ),Tomato,Deshi,2025-06-11,2800.0
Tamil Nadu,Thiruvarur,Muthupettai(Uzhavar Sandhai ),Coconut,Coconut,2025-06-11,7000.0
Tamil Nadu,Thiruvarur,Muthupettai(Uzhavar Sandhai ),Onion,Bellary,2025-06-11,4000.0
Tamil Nadu,Thiruvarur,Muthupettai(Uzhavar Sandhai ),Tomato,Deshi,2025-06-11,3000.0
Tamil Nadu,Thiruvarur,Needamangalam(Uzhavar Sandhai ),Coconut,Coconut,2025-06-11,6800.0
Tamil Nadu,Thiruvarur,Needamangalam(Uzhavar Sandhai ),Onion,Bellary,2025-06-11,3000.0
Tamil Nadu,Thiruvarur,Needamangalam(Uzhavar Sandhai ),Tomato,Deshi,2025-06-11,2600.0
Tamil Nadu,Thiruvarur,Tiruthuraipoondi(Uzhavar Sandhai ),Coconut,Coconut,2025-06-11,7000.0
Tamil Nadu,Thiruvarur,Tiruthuraipoondi(Uzhavar Sandhai ),Groundnut,Big (With Shell),2025-06-11,6000.0
Tamil Nadu,Thiruvarur,Tiruvarur(Uzhavar Sandhai ),Coconut,Coconut,2025-06-11,7000.0
Tamil Nadu,Thiruvarur,Tiruvarur(Uzhavar Sandhai ),Onion,Bellary,2025-06-11,3800.0
Tamil Nadu,Thiruvarur,Tiruvarur(Uzhavar Sandhai ),Tomato,Deshi,2025-06-11,3000.0
Tamil Nadu,Thiruvarur,Valangaiman,Coconut,Coconut,2025-06-11,6600.0
Tamil Nadu,Thiruvarur,Valangaiman,Onion,Bellary,2025-06-11,2800.0
Tamil Nadu,Thiruvarur,Valangaiman,Tomato,Deshi,2025-06-11,2600.0
Tamil Nadu,Thiruvellore,Ambattur(Uzhavar Sandhai ),Coconut,Coconut,2025-06-11,6000.0
Tamil Nadu,Thiruvellore,Ambattur(Uzhavar Sandhai ),Onion,Bellary,2025-06-11,3000.0
Tamil Nadu,Thiruvellore,Naravarikuppam(Uzhavar Sandhai ),Onion,Bellary,2025-06-11,3000.0
Tamil Nadu,Thiruvellore,Naravarikuppam(Uzhavar Sandhai ),Tomato,Deshi,2025-06-11,3000.0
Tamil Nadu,Thiruvellore,Paruthipattu(Uzhavar Sandhai ),Coconut,Coconut,2025-06-11,6000.0
Tamil Nadu,Thiruvellore,Paruthipattu(Uzhavar Sandhai ),Onion,Bellary,2025-06-11,3000.0
Tamil Nadu,Thiruvellore,Paruthipattu(Uzhavar Sandhai ),Tomato,Deshi,2025-06-11,3500.0
Tamil Nadu,Thiruvellore,Perambakkam(Uzhavar Sandhai ),Onion,Bellary,2025-06-11,3000.0
Tamil Nadu,Thiruvellore,Perambakkam(Uzhavar Sandhai ),Tomato,Deshi,2025-06-11,3000.0
Tamil Nadu,Thiruvellore,Tiruvallur(Uzhavar Sandhai ),Coconut,Coconut,2025-06-11,6000.0
Tamil Nadu,Thiruvellore,Tiruvallur(Uzhavar Sandhai ),Onion,Bellary,2025-06-11,3000.0
Tamil Nadu,Thiruvellore,Tiruvallur(Uzhavar Sandhai ),Tomato,Deshi,2025-06-11,3000.0
Tamil Nadu,Tuticorin,Kovilpatti(Uzhavar Sandhai ),Coconut,Coconut,2025-06-11,7500.0
Tamil Nadu,Tuticorin,Kovilpatti(Uzhavar Sandhai ),Onion,Bellary,2025-06-11,3500.0
Tamil Nadu,Tuticorin,Tuticorin(Uzhavar Sandhai ),Banana,Besrai,2025-06-11,3000.0
Tamil Nadu,Tuticorin,Tuticorin(Uzhavar Sandhai ),Coconut,Coconut,2025-06-11,7000.0
Tamil Nadu,Tuticorin,Tuticorin(Uzhavar Sandhai ),Maize,Deshi Red,2025-06-11,3000.0
Tamil Nadu,Tuticorin,Tuticorin(Uzhavar Sandhai ),Onion,Bellary,2025-06-11,3500.0
Tamil Nadu,Tuticorin,Tuticorin(Uzhavar Sandhai ),Tomato,Deshi,2025-06-11,3000.0
Tamil Nadu,Vellore,Gudiyatham(Uzhavar Sandhai ),Coconut,Coconut,2025-06-11,4000.0
Tamil Nadu,Vellore,Gudiyatham(Uzhavar Sandhai ),Groundnut,Big (With Shell),2025-06-11,6600.0
Tamil Nadu,Vellore,Gudiyatham(Uzhavar Sandhai ),Onion,Bellary,2025-06-11,3500.0
Tamil Nadu,Vellore,Gudiyatham(Uzhavar Sandhai ),Tomato,Deshi,2025-06-11,2000.0
Tamil Nadu,Vellore,Kahithapattarai(Uzhavar Sandhai ),Coconut,Coconut,2025-06-11,3000.0
Tamil Nadu,Vellore,Kahithapattarai(Uzhavar Sandhai ),Groundnut,Big (With Shell),2025-06-11,5500.0
Tamil Nadu,Vellore,Kahithapattarai(Uzhavar Sandhai ),Onion,Bellary,2025-06-11,3000.0
Tamil Nadu,Vellore,Katpadi (Uzhavar Sandhai ),Banana,Besrai,2025-06-11,5000.0
Tamil Nadu,Vellore,Katpadi (Uzhavar Sandhai ),Coconut,Coconut,2025-06-11,3500.0
Tamil Nadu,Vellore,Katpadi (Uzhavar Sandhai ),Groundnut,Big (With Shell),2025-06-11,6000.0
Tamil Nadu,Vellore,Katpadi (Uzhavar Sandhai ),Onion,Bellary,2025-06-11,3000.0
Tamil Nadu,Vellore,Thirupathur,Banana,Besrai,2025-06-11,6000.0
Tamil Nadu,Vellore,Thirupathur,Coconut,Coconut,2025-06-11,5000.0
Tamil Nadu,Vellore,Thirupathur,Groundnut,Big (With Shell),2025-06-11,5000.0
Tamil Nadu,Vellore,Thirupathur,Maize,Deshi Red,2025-06-11,3000.0
Tamil Nadu,Vellore,Thirupathur,Onion,Bellary,2025-06-11,3000.0
Tamil Nadu,Vellore,Thirupathur,Tomato,Deshi,2025-06-11,3000.0
Tamil Nadu,Vellore,Vellore,Coconut,Coconut,2025-06-11,3500.0
Tamil Nadu,Vellore,Vellore,Groundnut,Big (With Shell),2025-06-11,5500.0
Tamil Nadu,Vellore,Vellore,Onion,Bellary,2025-06-11,2800.0
Tamil Nadu,Vellore,Vellore,Tomato,Deshi,2025-06-11,2300.0
Tamil Nadu,Villupuram,Gingee(Uzhavar Sandhai ),Coconut,Coconut,2025-06-11,6000.0
Tamil Nadu,Villupuram,Gingee(Uzhavar Sandhai ),Groundnut,Big (With Shell),2025-06-11,6000.0
Tamil Nadu,Villupuram,Gingee(Uzhavar Sandhai ),Onion,Bellary,2025-06-11,3000.0
Tamil Nadu,Villupuram,Tindivanam,Coconut,Coconut,2025-06-11,6000.0
Tamil Nadu,Villupuram,Tindivanam,Groundnut,Big (With Shell),2025-06-11,5500.0
Tamil Nadu,Villupuram,Tindivanam,Maize,Deshi Red,2025-06-11,3800.0
Tamil Nadu,Villupuram,Tindivanam,Onion,Bellary,2025-06-11,2800.0
Tamil Nadu,Villupuram,Tindivanam,Tomato,Deshi,2025-06-11,2400.0
Tamil Nadu,Villupuram,Ulundurpettai,Banana,Besrai,2025-06-11,5000.0
Tamil Nadu,Villupuram,Ulundurpettai,Coconut,Coconut,2025-06-11,4000.0
Tamil Nadu,Villupuram,Ulundurpettai,Onion,Bellary,2025-06-11,3500.0
Tamil Nadu,Villupuram,Ulundurpettai,Tomato,Deshi,2025-06-11,2800.0
Tamil Nadu,Virudhunagar,Aruppukottai(Uzhavar Sandhai ),Banana,Besrai,2025-06-11,4000.0
Tamil Nadu,Virudhunagar,Aruppukottai(Uzhavar Sandhai ),Coconut,Coconut,2025-06-11,7000.0
Tamil Nadu,Virudhunagar,Aruppukottai(Uzhavar Sandhai ),Onion,Bellary,2025-06-11,3000.0
Tamil Nadu,Virudhunagar,Aruppukottai(Uzhavar Sandhai ),Tomato,Deshi,2025-06-11,4000.0
Tamil Nadu,Virudhunagar,Kariyapatti(Uzhavar Sandhai ),Banana,Besrai,2025-06-11,4000.0
Tamil Nadu,Virudhunagar,Kariyapatti(Uzhavar Sandhai ),Coconut,Coconut,2025-06-11,7000.0
Tamil Nadu,Virudhunagar,Kariyapatti(Uzhavar Sandhai ),Onion,Bellary,2025-06-11,3000.0
Tamil Nadu,Virudhunagar,Kariyapatti(Uzhavar Sandhai ),Tomato,Deshi,2025-06-11,3500.0
Tamil Nadu,Virudhunagar,Rajapalayam(Uzhavar Sandhai ),Banana,Besrai,2025-06-11,4000.0
Tamil Nadu,Virudhunagar,Rajapalayam(Uzhavar Sandhai ),Coconut,Coconut,2025-06-11,7000.0
Tamil Nadu,Virudhunagar,Rajapalayam(Uzhavar Sandhai ),Onion,Bellary,2025-06-11,3500.0
Tamil Nadu,Virudhunagar,Rajapalayam(Uzhavar Sandhai ),Tomato,Deshi,2025-06-11,3000.0
Tamil Nadu,Virudhunagar,Sathur(Uzhavar Sandhai ),Banana,Besrai,2025-06-11,4000.0
Tamil Nadu,Virudhunagar,Sathur(Uzhavar Sandhai ),Coconut,Coconut,2025-06-11,7000.0
Tamil Nadu,Virudhunagar,Sathur(Uzhavar Sandhai ),Onion,Bellary,2025-06-11,3000.0
Tamil Nadu,Virudhunagar,Sathur(Uzhavar Sandhai ),Tomato,Deshi,2025-06-11,2500.0
Tamil Nadu,Virudhunagar,Sivakasi(Uzhavar Sandhai ),Banana,Besrai,2025-06-11,5000.0
Tamil Nadu,Virudhunagar,Sivakasi(Uzhavar Sandhai ),Coconut,Coconut,2025-06-11,7500.0
Tamil Nadu,Virudhunagar,Sivakasi(Uzhavar Sandhai ),Onion,Bellary,2025-06-11,3000.0
Tamil Nadu,Virudhunagar,Sivakasi(Uzhavar Sandhai ),Tomato,Deshi,2025-06-11,2000.0
Tamil Nadu,Virudhunagar,Srivilliputhur(Uzhavar Sandhai ),Banana,Besrai,2025-06-11,4000.0
Tamil Nadu,Virudhunagar,Srivilliputhur(Uzhavar Sandhai ),Coconut,Coconut,2025-06-11,7000.0
Tamil Nadu,Virudhunagar,Srivilliputhur(Uzhavar Sandhai ),Onion,Bellary,2025-06-11,3500.0
Tamil Nadu,Virudhunagar,Srivilliputhur(Uzhavar Sandhai ),Tomato,Deshi,2025-06-11,2500.0
Tamil Nadu,Virudhunagar,Thalavaipuram(Uzhavar Sandhai ),Banana,Besrai,2025-06-11,4000.0
Tamil Nadu,Virudhunagar,Thalavaipuram(Uzhavar Sandhai ),Coconut,Coconut,2025-06-11,7000.0
Tamil Nadu,Virudhunagar,Thalavaipuram(Uzhavar Sandhai ),Onion,Bellary,2025-06-11,3500.0
Tamil Nadu,Virudhunagar,Thalavaipuram(Uzhavar Sandhai ),Tomato,Deshi,2025-06-11,3000.0
Tamil Nadu,Virudhunagar,Virudhunagar(Uzhavar Sandhai ),Banana,Besrai,2025-06-11,4000.0
Tamil Nadu,Virudhunagar,Virudhunagar(Uzhavar Sandhai ),Coconut,Coconut,2025-06-11,7000.0
Tamil Nadu,Virudhunagar,Virudhunagar(Uzhavar Sandhai ),Onion,Bellary,2025-06-11,3000.0
Tamil Nadu,Virudhunagar,Virudhunagar(Uzhavar Sandhai ),Tomato,Deshi,2025-06-11,2500.0
Telangana,Karimnagar,Ibrahimpatnam,Maize,Local,2025-06-11,2400.0
Telangana,Mahbubnagar,Nagarkurnool,Maize,Local,2025-06-11,2225.0
Telangana,Warangal,Warangal,Tomato,Tomato,2025-06-11,1800.0
Tripura,Gomati,Nutanbazar,Tomato,Hybrid,2025-06-11,4950.0
Tripura,North Tripura,Dasda,Onion,Onion,2025-06-11,2750.0
Uttar Pradesh,Aligarh,Charra,Onion,Red,2025-06-11,1550.0
Uttar Pradesh,Aligarh,Charra,Tomato,Deshi,2025-06-11,3050.0
Uttar Pradesh,Badaun,Shahaswan,Banana,Amruthapani,2025-06-11,2000.0
Uttar Pradesh,Ballia,Vilthararoad,Banana,Medium,2025-06-11,1850.0
Uttar Pradesh,Ballia,Vilthararoad,Onion,Other,2025-06-11,1800.0
Uttar Pradesh,Balrampur,Panchpedwa,Onion,Red,2025-06-11,1600.0
Uttar Pradesh,Balrampur,Panchpedwa,Tomato,Tomato,2025-06-11,1650.0
Uttar Pradesh,Bijnor,Chaandpur,Onion,Red,2025-06-11,1000.0
Uttar Pradesh,Bijnor,Chaandpur,Tomato,Hybrid,2025-06-11,1500.0
Uttar Pradesh,Bulandshahar,Gulavati,Onion,Red,2025-06-11,1500.0
Uttar Pradesh,Bulandshahar,Siyana,Onion,Red,2025-06-11,1650.0
Uttar Pradesh,Bulandshahar,Siyana,Tomato,Local,2025-06-11,1450.0
Uttar Pradesh,Etah,Awagarh,Onion,Red,2025-06-11,1250.0
Uttar Pradesh,Etah,Awagarh,Tomato,Hybrid,2025-06-11,1700.0
Uttar Pradesh,Etawah,Jasvantnagar,Onion,Red,2025-06-11,1370.0
Uttar Pradesh,Etawah,Jasvantnagar,Tomato,Hybrid,2025-06-11,1620.0
Uttar Pradesh,Fatehpur,Khaga,Onion,Red,2025-06-11,1275.0
Uttar Pradesh,Fatehpur,Khaga,Tomato,Hybrid,2025-06-11,1950.0
Uttar Pradesh,Firozabad,Sirsaganj,Onion,Red,2025-06-11,1200.0
Uttar Pradesh,Firozabad,Sirsaganj,Tomato,Hybrid,2025-06-11,1200.0
Uttar Pradesh,Ghaziabad,Hapur,Onion,Red,2025-06-11,1320.0
Uttar Pradesh,Ghaziabad,Hapur,Tomato,Deshi,2025-06-11,1930.0
Uttar Pradesh,Hamirpur,Bharuasumerpur,Onion,Red,2025-06-11,1305.0
Uttar Pradesh,Hamirpur,Bharuasumerpur,Tomato,Deshi,2025-06-11,2100.0
Uttar Pradesh,Hathras,Shadabad,Onion,Red,2025-06-11,1250.0
Uttar Pradesh,Hathras,Shadabad,Tomato,Deshi,2025-06-11,2150.0
Uttar Pradesh,Jaunpur,Jaunpur,Banana,Banana - Ripe,2025-06-11,2030.0
Uttar Pradesh,Jaunpur,Jaunpur,Maize,Yellow,2025-06-11,2415.0
Uttar Pradesh,Jaunpur,Jaunpur,Onion,Red,2025-06-11,1280.0
Uttar Pradesh,Jaunpur,Jaunpur,Tomato,Hybrid,2025-06-11,1887.5
Uttar Pradesh,Jhansi,Gurusarai,Onion,Red,2025-06-11,1390.0
Uttar Pradesh,Jhansi,Gurusarai,Tomato,Local,2025-06-11,1885.0
Uttar Pradesh,Jhansi,Mauranipur,Onion,Red,2025-06-11,1390.0
Uttar Pradesh,Jhansi,Mauranipur,Tomato,Local,2025-06-11,1860.0
Uttar Pradesh,Khiri (Lakhimpur),Maigalganj,Onion,Red,2025-06-11,2930.0
Uttar Pradesh,Maharajganj,Anandnagar,Onion,Red,2025-06-11,1400.0
Uttar Pradesh,Maharajganj,Anandnagar,Tomato,Deshi,2025-06-11,2400.0
Uttar Pradesh,Maharajganj,Nautnava,Onion,Red,2025-06-11,1260.0
Uttar Pradesh,Maharajganj,Nautnava,Tomato,Hybrid,2025-06-11,1650.0
Uttar Pradesh,Mau(Maunathbhanjan),Kopaganj,Banana,Medium,2025-06-11,950.0
Uttar Pradesh,Mau(Maunathbhanjan),Kopaganj,Onion,Red,2025-06-11,1200.0
Uttar Pradesh,Mau(Maunathbhanjan),Kopaganj,Tomato,Hybrid,2025-06-11,1200.0
Uttar Pradesh,Sambhal,Sambhal,Onion,Red,2025-06-11,1400.0
Uttar Pradesh,Sambhal,Sambhal,Tomato,Deshi,2025-06-11,2250.0
Uttar Pradesh,Shamli,Kairana,Onion,Red,2025-06-11,1050.0
Uttar Pradesh,Shamli,Kairana,Tomato,Hybrid,2025-06-11,2050.0
Uttar Pradesh,Sitapur,Hargaon (Laharpur),Banana,Desi(Bontha),2025-06-11,520.0
Uttar Pradesh,Sitapur,Hargaon (Laharpur),Onion,Nasik,2025-06-11,1020.0
Uttrakhand,Haridwar,Haridwar Union,Banana,Other,2025-06-11,1000.0
Uttrakhand,Haridwar,Haridwar Union,Onion,Onion,2025-06-11,1500.0
Uttrakhand,Haridwar,Haridwar Union,Tomato,Hybrid,2025-06-11,1600.0
West Bengal,Alipurduar,Alipurduar,Onion,Other,2025-06-11,1700.0
West Bengal,Alipurduar,Alipurduar,Tomato,Other,2025-06-11,3500.0
West Bengal,Birbhum,Rampurhat,Onion,Local,2025-06-11,1800.0
West Bengal,Dakshin Dinajpur,Gangarampur(Dakshin Dinajpur),Onion,1st Sort,2025-06-11,1500.0
West Bengal,Dakshin Dinajpur,Gangarampur(Dakshin Dinajpur),Tomato,Other,2025-06-11,3800.0
West Bengal,Hooghly,Kalipur,Onion,Nasik,2025-06-11,1500.0
West Bengal,Hooghly,Kalipur,Tomato,Hybrid,2025-06-11,3400.0
West Bengal,Hooghly,Sheoraphuly,Onion,Nasik,2025-06-11,1600.0
West Bengal,Hooghly,Sheoraphuly,Tomato,Hybrid,2025-06-11,3500.0
West Bengal,Medinipur(E),Egra/contai,Onion,Onion,2025-06-11,1500.0
West Bengal,Medinipur(E),Egra/contai,Tomato,Tomato,2025-06-11,2050.0
West Bengal,Medinipur(W),Ghatal,Onion,Onion,2025-06-11,1500.0
West Bengal,Medinipur(W),Ghatal,Tomato,Local,2025-06-11,3200.0
West Bengal,Murshidabad,Jangipur,Onion,Red,2025-06-11,1535.0
West Bengal,North 24 Parganas,Barasat,Onion,Other,2025-06-11,1800.0
West Bengal,North 24 Parganas,Barasat,Tomato,Other,2025-06-11,3000.0
West Bengal,Paschim Bardhaman,Asansol,Onion,Nasik,2025-06-11,1425.0
West Bengal,Paschim Bardhaman,Asansol,Tomato,Hybrid,2025-06-11,2950.0
West Bengal,Paschim Bardhaman,Durgapur,Onion,Nasik,2025-06-11,1450.0
West Bengal,Paschim Bardhaman,Durgapur,Tomato,Hybrid,2025-06-11,2975.0
West Bengal,Purba Bardhaman,Burdwan,Onion,Nasik,2025-06-11,1900.0
West Bengal,Purba Bardhaman,Burdwan,Tomato,Other,2025-06-11,4000.0
West Bengal,Purba Bardhaman,Memari,Tomato,Other,2025-06-11,3800.0
West Bengal,Uttar Dinajpur,Raiganj,Onion,Nasik,2025-06-11,1800.0
